{"content":[{"id":"7bcd1635","settings":{"flex_direction":"column","boxed_width":{"unit":"px","size":1290,"sizes":[]},"flex_gap":{"column":"0","row":"0","isLinked":true,"unit":"px","size":0},"background_background":"classic","background_color":"#F5F5F5","padding":{"unit":"px","top":"120","right":"40","bottom":"120","left":"40","isLinked":false},"padding_tablet":{"unit":"px","top":"80","right":"40","bottom":"80","left":"40","isLinked":false},"padding_mobile":{"unit":"px","top":"60","right":"20","bottom":"60","left":"20","isLinked":false},"_title":"c2183"},"elements":[{"id":"6f1a488","settings":{"boxed_width":{"unit":"px","size":1290,"sizes":[]},"flex_direction":"column","flex_gap":{"column":"0","row":"0","isLinked":true,"unit":"px","size":0},"background_color":"#ECC5C5","padding":{"unit":"px","top":"0","right":"0","bottom":"0","left":"0","isLinked":true},"flex_justify_content":"flex-start","animation":"fadeIn","animation_duration":"fast","animation_delay":500},"elements":[{"id":"4abc5bd","settings":{"content_width":"full","alternate_templates":[{"template_id":null,"_id":"f46b102"}],"post_query_include":["terms"],"post_query_include_term_ids":["24"],"pagination_page_limit":"5","pagination_prev_label":"Previous","pagination_next_label":"Next","text":"Load More","load_more_no_posts_custom_message":"No more posts to show","nothing_found_message_text":"It seems we can\u2019t find what you\u2019re looking for.","column_gap":{"unit":"px","size":0,"sizes":[]},"row_gap":{"unit":"px","size":0,"sizes":[]},"_skin":"product","product_query_include":["terms"],"product_query_include_term_ids":["33"],"template_id":27577,"_border_border":"solid","_border_width":{"unit":"px","top":"1","right":"0","bottom":"0","left":"1","isLinked":false},"_border_color":"#000000"},"elements":[],"isInner":false,"widgetType":"loop-grid","elType":"widget"}],"isInner":true,"elType":"container"}],"isInner":false,"elType":"container"}],"page_settings":[],"version":"0.4","title":"c2183","type":"container"}