{"content":[{"id":"21be1d98","settings":{"flex_direction":"column","boxed_width":{"unit":"px","size":1290,"sizes":[]},"flex_gap":{"column":"0","row":"0","isLinked":true,"unit":"px","size":0},"background_background":"classic","background_color":"#F5F5F5","padding":{"unit":"px","top":"0","right":"0","bottom":"0","left":"0","isLinked":true},"padding_tablet":{"unit":"px","top":"0","right":"0","bottom":"0","left":"0","isLinked":true},"padding_mobile":{"unit":"px","top":"0","right":"0","bottom":"0","left":"0","isLinked":true},"_title":"c2229","content_width":"full"},"elements":[{"id":"16ee9a0e","settings":{"boxed_width":{"unit":"px","size":1290,"sizes":[]},"flex_direction":"column","flex_gap":{"column":"0","row":"0","isLinked":true,"unit":"px","size":0},"background_color":"#ECC5C5","padding":{"unit":"px","top":"0","right":"0","bottom":"0","left":"0","isLinked":true},"flex_justify_content":"flex-start","animation":"fadeIn","animation_duration":"fast","animation_delay":500,"content_width":"full"},"elements":[{"id":"3f8f8b6","settings":{"content_width":"full","post_query_include":["terms"],"post_query_include_term_ids":["36"],"image_spacing_custom":{"unit":"px","size":0,"sizes":[]},"dots_size":{"unit":"px","size":6,"sizes":[]},"dots_normal_color":"#000000","dots_pagination_spacing":{"unit":"px","size":50,"sizes":[]},"post_query_post_type":"jetpack-portfolio","product_query_include":["terms"],"product_query_include_term_ids":["15"],"template_id":28655,"slides_to_show":"1","slides_to_show_tablet":"1","navigation_previous_icon_horizontal_orientation":"center","navigation_previous_icon_horizontal_orientation_mobile":"start","navigation_previous_icon_horizontal_position":{"unit":"px","size":-50,"sizes":[]},"navigation_previous_icon_horizontal_position_tablet":{"unit":"px","size":-25,"sizes":[]},"navigation_previous_icon_horizontal_position_mobile":{"unit":"px","size":20,"sizes":[]},"navigation_previous_icon_vertical_orientation":"end","navigation_previous_icon_vertical_position":{"unit":"px","size":-30,"sizes":[]},"navigation_previous_icon_vertical_position_tablet":{"unit":"px","size":0,"sizes":[]},"navigation_previous_icon_vertical_position_mobile":{"unit":"px","size":-30,"sizes":[]},"navigation_next_icon_horizontal_orientation":"center","navigation_next_icon_horizontal_orientation_mobile":"end","navigation_next_icon_horizontal_position":{"unit":"px","size":-50,"sizes":[]},"navigation_next_icon_horizontal_position_tablet":{"unit":"px","size":-25,"sizes":[]},"navigation_next_icon_horizontal_position_mobile":{"unit":"px","size":20,"sizes":[]},"navigation_next_icon_vertical_orientation":"end","navigation_next_icon_vertical_position":{"unit":"px","size":-30,"sizes":[]},"navigation_next_icon_vertical_position_tablet":{"unit":"px","size":0,"sizes":[]},"navigation_next_icon_vertical_position_mobile":{"unit":"px","size":-30,"sizes":[]},"pagination":"","arrows_size":{"unit":"px","size":30,"sizes":[]},"arrow_normal_color":"#000000","arrow_hover_color":"#000000"},"elements":[],"isInner":false,"widgetType":"loop-carousel","elType":"widget"}],"isInner":true,"elType":"container"}],"isInner":false,"elType":"container"}],"page_settings":[],"version":"0.4","title":"c2229","type":"container"}