{"content":[{"id":"83967a","settings":{"flex_direction":"column","content_width":"full","flex_justify_content":"flex-start","flex_align_items":"center","flex_gap":{"column":"0","row":"0","isLinked":true,"unit":"px","size":0},"padding":{"unit":"px","top":"0","right":"0","bottom":"0","left":"0","isLinked":true}},"elements":[{"id":"59809ecb","settings":{"graphic_element":"none","title_text_a":"This is the heading","description_text_a":"","background_a_background":"classic","background_a_position":"center center","background_a_repeat":"no-repeat","background_a_size":"cover","background_overlay_a":"#0000007A","title_text_b":"","description_text_b":"","button_text":"","link_click":"box","background_b_background":"classic","background_b_color":"#02010100","background_b_position":"center center","background_b_repeat":"no-repeat","background_b_size":"cover","height":{"unit":"px","size":440,"sizes":[]},"border_radius":{"unit":"px","size":0,"sizes":[]},"flip_effect":"fade","padding_a":{"unit":"px","top":"50","right":"50","bottom":"50","left":"50","isLinked":true},"vertical_position_a":"middle","title_color_a":"#FFFFFF","title_typography_a_typography":"custom","title_typography_a_font_family":"Manrope","title_typography_a_font_size":{"unit":"px","size":30,"sizes":[]},"title_typography_a_font_size_tablet":{"unit":"px","size":26,"sizes":[]},"title_typography_a_font_size_mobile":{"unit":"px","size":24,"sizes":[]},"title_typography_a_font_weight":"900","title_typography_a_line_height":{"unit":"em","size":1,"sizes":[]},"title_typography_a_letter_spacing":{"unit":"px","size":-0.6,"sizes":[]},"__dynamic__":{"title_text_a":"[elementor-tag id=\"6fa48fb\" name=\"post-title\" settings=\"%7B%7D\"]","link":"[elementor-tag id=\"a752a01\" name=\"post-url\" settings=\"%7B%7D\"]","background_a_image":"[elementor-tag id=\"1c6b7be\" name=\"post-featured-image\" settings=\"%7B%7D\"]","background_b_image":"[elementor-tag id=\"2e82ee5\" name=\"post-featured-image\" settings=\"%7B%7D\"]"},"height_tablet":{"unit":"px","size":360,"sizes":[]},"height_mobile":{"unit":"px","size":260,"sizes":[]}},"elements":[],"isInner":false,"widgetType":"flip-box","elType":"widget"}],"isInner":false,"elType":"container"}],"page_settings":[],"version":"0.4","title":"C2238-LOOP","type":"loop-item"}