{"content":[{"id":"4bb8cd5","settings":{"flex_direction":"column","boxed_width":{"unit":"px","size":1290,"sizes":[]},"flex_gap":{"column":"0","row":"0","isLinked":true,"unit":"px","size":0},"background_background":"classic","background_color":"#F5F5F5","padding":{"unit":"px","top":"120","right":"40","bottom":"120","left":"40","isLinked":false},"padding_tablet":{"unit":"px","top":"80","right":"40","bottom":"80","left":"40","isLinked":false},"padding_mobile":{"unit":"px","top":"60","right":"20","bottom":"60","left":"20","isLinked":false},"_title":"c2306"},"elements":[{"id":"4ed032f","settings":{"content_width":"full","post_query_include":["terms"],"post_query_include_term_ids":["36"],"image_spacing_custom":{"unit":"px","size":30,"sizes":[]},"dots_size":{"unit":"px","size":6,"sizes":[]},"dots_normal_color":"#000000","dots_pagination_spacing":{"unit":"px","size":50,"sizes":[]},"post_query_post_type":"jetpack-portfolio","product_query_include":["terms"],"product_query_include_term_ids":["15"],"template_id":30193,"dots_position":"inside","_animation":"fadeIn","animation_duration":"fast","_animation_delay":500,"slides_to_show":"1","slides_to_show_tablet":"1","navigation_previous_icon_horizontal_position":{"unit":"px","size":56,"sizes":[]},"navigation_previous_icon_horizontal_position_mobile":{"unit":"px","size":-27,"sizes":[]},"navigation_next_icon_horizontal_position":{"unit":"px","size":-89,"sizes":[]},"navigation_next_icon_horizontal_position_mobile":{"unit":"px","size":0,"sizes":[]},"arrows_size":{"unit":"px","size":30,"sizes":[]},"arrow_normal_color":"#000000","arrow_hover_color":"#000000","dots_custom_position":"yes","dots_vertical_offset":{"unit":"px","size":-56,"sizes":[]},"dots_vertical_offset_tablet":{"unit":"px","size":-35,"sizes":[]},"dots_vertical_offset_mobile":{"unit":"px","size":-25,"sizes":[]},"pagination":"","navigation_previous_icon_horizontal_orientation":"center","navigation_previous_icon_vertical_orientation":"end","navigation_next_icon_horizontal_orientation":"center","navigation_next_icon_vertical_orientation":"end","navigation_previous_icon_horizontal_orientation_tablet":"end","navigation_previous_icon_horizontal_position_tablet":{"unit":"px","size":-32,"sizes":[]},"navigation_previous_icon_vertical_position_tablet":{"unit":"px","size":18,"sizes":[]},"navigation_previous_icon_vertical_position_mobile":{"unit":"px","size":0,"sizes":[]},"navigation_next_icon_horizontal_orientation_tablet":"end","navigation_next_icon_horizontal_position_tablet":{"unit":"px","size":0,"sizes":[]},"navigation_next_icon_vertical_position_tablet":{"unit":"px","size":18,"sizes":[]},"navigation_next_icon_vertical_position_mobile":{"unit":"px","size":0,"sizes":[]}},"elements":[],"isInner":false,"widgetType":"loop-carousel","elType":"widget"}],"isInner":false,"elType":"container"}],"page_settings":[],"version":"0.4","title":"c2306","type":"container"}