{"content":[{"id":"6f1a118f","settings":{"flex_direction":"column","boxed_width":{"unit":"px","size":1290,"sizes":[]},"flex_gap":{"column":"0","row":"0","isLinked":true,"unit":"px","size":0},"background_background":"classic","background_color":"#F5F5F5","padding":{"unit":"px","top":"0","right":"0","bottom":"0","left":"0","isLinked":true},"padding_tablet":{"unit":"px","top":"0","right":"0","bottom":"0","left":"0","isLinked":true},"padding_mobile":{"unit":"px","top":"0","right":"0","bottom":"0","left":"0","isLinked":true},"_title":"c2275","content_width":"full"},"elements":[{"id":"14ad4cf","settings":{"content_width":"full","post_query_include":["terms"],"post_query_include_term_ids":["37"],"image_spacing_custom":{"unit":"px","size":0,"sizes":[]},"dots_size":{"unit":"px","size":6,"sizes":[]},"dots_normal_color":"#000000","dots_pagination_spacing":{"unit":"px","size":50,"sizes":[]},"post_query_post_type":"jetpack-portfolio","product_query_include":["terms"],"product_query_include_term_ids":["15"],"template_id":29536,"_animation":"fadeIn","animation_duration":"fast","_animation_delay":500,"slides_to_show":"1","slides_to_show_tablet":"1","offset_sides":"both","offset_width":{"unit":"px","size":150,"sizes":[]},"offset_width_tablet":{"unit":"px","size":100,"sizes":[]},"offset_width_mobile":{"unit":"px","size":0,"sizes":[]},"navigation_previous_icon_horizontal_position":{"unit":"px","size":30,"sizes":[]},"navigation_previous_icon_horizontal_position_mobile":{"unit":"px","size":10,"sizes":[]},"navigation_previous_icon_vertical_orientation_tablet":"center","navigation_previous_icon_vertical_orientation_mobile":"center","navigation_previous_icon_vertical_position_tablet":{"unit":"px","size":0,"sizes":[]},"navigation_previous_icon_vertical_position_mobile":{"unit":"px","size":0,"sizes":[]},"navigation_next_icon_horizontal_position":{"unit":"px","size":30,"sizes":[]},"navigation_next_icon_horizontal_position_mobile":{"unit":"px","size":10,"sizes":[]},"navigation_next_icon_vertical_orientation_tablet":"center","navigation_next_icon_vertical_orientation_mobile":"center","navigation_next_icon_vertical_position_tablet":{"unit":"px","size":0,"sizes":[]},"navigation_next_icon_vertical_position_mobile":{"unit":"px","size":0,"sizes":[]},"pagination":"","arrows_size":{"unit":"px","size":30,"sizes":[]},"arrow_normal_color":"#FFFFFF","arrow_hover_color":"#FFFFFF"},"elements":[],"isInner":false,"widgetType":"loop-carousel","elType":"widget"}],"isInner":false,"elType":"container"}],"page_settings":[],"version":"0.4","title":"c2275","type":"container"}