{"content":[{"id":"4aec9d20","settings":{"flex_direction":"column","boxed_width":{"unit":"px","size":1290,"sizes":[]},"flex_gap":{"column":"0","row":"0","isLinked":true,"unit":"px","size":0},"background_background":"classic","background_color":"#F5F5F5","padding":{"unit":"px","top":"0","right":"0","bottom":"0","left":"0","isLinked":true},"padding_tablet":{"unit":"px","top":"0","right":"0","bottom":"0","left":"0","isLinked":true},"padding_mobile":{"unit":"px","top":"0","right":"0","bottom":"0","left":"0","isLinked":true},"_title":"c2295","content_width":"full"},"elements":[{"id":"660c72f8","settings":{"content_width":"full","post_query_include":["terms"],"post_query_include_term_ids":["37"],"image_spacing_custom":{"unit":"px","size":0,"sizes":[]},"dots_size":{"unit":"px","size":6,"sizes":[]},"dots_normal_color":"#000000","dots_pagination_spacing":{"unit":"px","size":50,"sizes":[]},"post_query_post_type":"jetpack-portfolio","product_query_include":["terms"],"product_query_include_term_ids":["15"],"template_id":29908,"slides_to_show":"1","slides_to_show_tablet":"1","navigation_previous_icon_horizontal_orientation":"end","navigation_previous_icon_horizontal_position":{"unit":"px","size":-195,"sizes":[]},"navigation_previous_icon_vertical_orientation":"start","navigation_previous_icon_vertical_position":{"unit":"px","size":176,"sizes":[]},"navigation_next_icon_horizontal_position":{"unit":"px","size":163,"sizes":[]},"navigation_next_icon_vertical_orientation":"start","navigation_next_icon_vertical_position":{"unit":"px","size":176,"sizes":[]},"pagination":"fraction","arrows_size":{"unit":"px","size":30,"sizes":[]},"arrow_normal_color":"#FFFFFF","arrow_hover_color":"#FFFFFF","typography_fraction_typography":"custom","typography_fraction_font_family":"Manrope","typography_fraction_font_size":{"unit":"px","size":22,"sizes":[]},"typography_fraction_font_weight":"900","typography_fraction_line_height":{"unit":"em","size":1,"sizes":[]},"typography_fraction_letter_spacing":{"unit":"px","size":-1.6,"sizes":[]},"fraction_color":"#FFFFFF","fraction_custom_position":"yes","fraction_horizontal_position":"end","fraction_horizontal_offset":{"unit":"px","size":-172,"sizes":[]},"fraction_vertical_offset":{"unit":"px","size":-190,"sizes":[]},"fraction_position":"inside","navigation_previous_icon_horizontal_orientation_tablet":"start","navigation_previous_icon_horizontal_position_tablet":{"unit":"px","size":20,"sizes":[]},"navigation_previous_icon_horizontal_position_mobile":{"unit":"px","size":5,"sizes":[]},"navigation_previous_icon_vertical_orientation_tablet":"center","navigation_previous_icon_vertical_position_tablet":{"unit":"px","size":0,"sizes":[]},"navigation_previous_icon_vertical_position_mobile":{"unit":"px","size":0,"sizes":[]},"navigation_next_icon_horizontal_orientation_tablet":"end","navigation_next_icon_horizontal_position_tablet":{"unit":"px","size":20,"sizes":[]},"navigation_next_icon_horizontal_position_mobile":{"unit":"px","size":5,"sizes":[]},"navigation_next_icon_vertical_orientation_tablet":"center","navigation_next_icon_vertical_position_tablet":{"unit":"px","size":0,"sizes":[]},"navigation_next_icon_vertical_position_mobile":{"unit":"px","size":0,"sizes":[]},"arrows_size_mobile":{"unit":"px","size":20,"sizes":[]},"fraction_horizontal_position_tablet":"center","fraction_horizontal_offset_tablet":{"unit":"px","size":0,"sizes":[]},"fraction_horizontal_offset_mobile":{"unit":"px","size":0,"sizes":[]},"fraction_vertical_position_tablet":"end","fraction_vertical_offset_tablet":{"unit":"px","size":-22,"sizes":[]},"fraction_vertical_offset_mobile":{"unit":"px","size":-4,"sizes":[]}},"elements":[],"isInner":false,"widgetType":"loop-carousel","elType":"widget"}],"isInner":false,"elType":"container"}],"page_settings":[],"version":"0.4","title":"c2295","type":"container"}