{"content":[{"id":"29ab1c65","settings":{"flex_direction":"row","content_width":"full","flex_gap":{"column":"0","row":"0","isLinked":true,"unit":"px","size":0},"padding":{"unit":"px","top":"0","right":"0","bottom":"0","left":"0","isLinked":true}},"elements":[{"id":"483fc188","settings":{"text":"Click here","selected_icon":{"value":"fas fa-arrow-right","library":"fa-solid"},"icon_align":"row-reverse","icon_indent":{"unit":"px","size":5,"sizes":[]},"align":"justify","content_align":"space-between","typography_typography":"custom","typography_font_family":"Manrope","typography_font_size":{"unit":"px","size":22,"sizes":[]},"typography_font_weight":"900","border_border":"solid","border_width":{"unit":"px","top":"0","right":"0","bottom":"1","left":"0","isLinked":false},"border_color":"#D8D8D8","_element_width":"inherit","__dynamic__":{"text":"[elementor-tag id=\"8d11d6f\" name=\"post-title\" settings=\"%7B%7D\"]","link":"[elementor-tag id=\"342393d\" name=\"post-url\" settings=\"%7B%7D\"]","_background_hover_image":"[elementor-tag id=\"c087b50\" name=\"post-featured-image\" settings=\"%7B%7D\"]"},"align_mobile":"justify","typography_font_size_tablet":{"unit":"px","size":22,"sizes":[]},"typography_font_size_mobile":{"unit":"px","size":22,"sizes":[]},"typography_line_height":{"unit":"em","size":1.3,"sizes":[]},"typography_letter_spacing":{"unit":"px","size":-0.4,"sizes":[]},"button_text_color":"#000000","background_color":"#61CE7000","hover_color":"#FFFFFF","button_background_hover_color":"#02010100","border_radius":{"unit":"px","top":"0","right":"0","bottom":"0","left":"0","isLinked":true},"text_padding":{"unit":"px","top":"40","right":"50","bottom":"40","left":"50","isLinked":false},"text_padding_tablet":{"unit":"px","top":"40","right":"30","bottom":"40","left":"30","isLinked":false},"_padding":{"unit":"px","top":"0","right":"0","bottom":"0","left":"0","isLinked":true},"_background_hover_background":"classic","_background_hover_position":"center center","_background_hover_repeat":"no-repeat","_background_hover_size":"cover"},"elements":[],"isInner":false,"widgetType":"button","elType":"widget"}],"isInner":false,"elType":"container"}],"page_settings":[],"version":"0.4","title":"C2131-LOOP","type":"loop-item"}