{"content":[{"id":"4100473a","settings":{"flex_direction":"column","boxed_width":{"unit":"px","size":1290,"sizes":[]},"flex_gap":{"column":"0","row":"0","isLinked":true,"unit":"px","size":0},"background_background":"classic","background_color":"#F5F5F5","padding":{"unit":"px","top":"0","right":"0","bottom":"0","left":"0","isLinked":true},"padding_tablet":{"unit":"px","top":"0","right":"0","bottom":"0","left":"0","isLinked":true},"padding_mobile":{"unit":"px","top":"0","right":"0","bottom":"0","left":"0","isLinked":true},"_title":"c2293","content_width":"full"},"elements":[{"id":"bb25093","settings":{"content_width":"full","alternate_templates":[{"template_id":null,"_id":"f46b102"}],"post_query_include":["terms"],"post_query_include_term_ids":["37"],"pagination_page_limit":"5","pagination_prev_label":"Previous","pagination_next_label":"Next","text":"Load More","load_more_no_posts_custom_message":"No more posts to show","nothing_found_message_text":"It seems we can\u2019t find what you\u2019re looking for.","column_gap":{"unit":"px","size":0,"sizes":[]},"row_gap":{"unit":"px","size":0,"sizes":[]},"product_query_include":["terms"],"product_query_include_term_ids":["15"],"post_query_post_type":"jetpack-portfolio","template_id":29876,"columns":1,"columns_tablet":1,"posts_per_page":2},"elements":[],"isInner":false,"widgetType":"loop-grid","elType":"widget"}],"isInner":false,"elType":"container"}],"page_settings":[],"version":"0.4","title":"c2293","type":"container"}