{"content":[{"id":"1d2e069f","settings":{"flex_direction":"column","content_width":"full","flex_justify_content":"flex-start","flex_gap":{"column":"0","row":"0","isLinked":true,"unit":"px","size":0},"border_border":"none","border_width":{"unit":"px","top":"1","right":"1","bottom":"1","left":"1","isLinked":true},"border_color":"#000000","padding":{"unit":"px","top":"0","right":"0","bottom":"0","left":"0","isLinked":true}},"elements":[{"id":"18ba3876","settings":{"content_width":"full","flex_direction":"column","flex_justify_content":"flex-start","flex_align_items":"center","flex_gap":{"column":"0","row":"0","isLinked":true,"unit":"px","size":0},"border_border":"solid","border_width":{"unit":"px","top":"1","right":"1","bottom":"1","left":"1","isLinked":false},"border_color":"#000000","padding":{"unit":"px","top":"28","right":"50","bottom":"28","left":"50","isLinked":false},"padding_tablet":{"unit":"px","top":"28","right":"30","bottom":"28","left":"30","isLinked":false}},"elements":[{"id":"5688fd23","settings":{"__dynamic__":{"image":"[elementor-tag id=\"\" name=\"post-featured-image\" settings=\"%7B%22fallback%22%3A%7B%22url%22%3A%22%22%2C%22id%22%3A%22%22%2C%22size%22%3A%22%22%7D%7D\"]"},"image_size":"custom","image_custom_dimension":{"width":"800","height":"800"},"align":"center","_background_color_stop_tablet":{"unit":"%","size":"","sizes":[]},"_background_color_stop_mobile":{"unit":"%","size":"","sizes":[]},"_background_color_b_stop_tablet":{"unit":"%","size":"","sizes":[]},"_background_color_b_stop_mobile":{"unit":"%","size":"","sizes":[]},"_background_gradient_angle_tablet":{"unit":"deg","size":"","sizes":[]},"_background_gradient_angle_mobile":{"unit":"deg","size":"","sizes":[]},"_background_hover_color_stop_tablet":{"unit":"%","size":"","sizes":[]},"_background_hover_color_stop_mobile":{"unit":"%","size":"","sizes":[]},"_background_hover_color_b_stop_tablet":{"unit":"%","size":"","sizes":[]},"_background_hover_color_b_stop_mobile":{"unit":"%","size":"","sizes":[]},"_background_hover_gradient_angle_tablet":{"unit":"deg","size":"","sizes":[]},"_background_hover_gradient_angle_mobile":{"unit":"deg","size":"","sizes":[]},"content_width":"full"},"elements":[],"isInner":false,"widgetType":"theme-post-featured-image","elType":"widget"}],"isInner":true,"elType":"container"},{"id":"4a612164","settings":{"content_width":"full","flex_direction":"column","flex_justify_content":"flex-start","flex_align_items":"flex-start","flex_gap":{"column":"20","row":"20","isLinked":true,"unit":"px","size":20},"border_border":"solid","border_width":{"unit":"px","top":"0","right":"1","bottom":"1","left":"1","isLinked":false},"border_color":"#000000","padding":{"unit":"px","top":"38","right":"40","bottom":"40","left":"40","isLinked":false}},"elements":[{"id":"5d79adb","settings":{"star_color":"#F0AD4E","empty_star_color":"#BEBEBE","link_color":"#000000","text_typography_typography":"custom","text_typography_font_family":"Manrope","text_typography_font_size":{"unit":"px","size":14,"sizes":[]},"text_typography_font_weight":"500","text_typography_line_height":{"unit":"em","size":1,"sizes":[]},"star_size":{"unit":"px","size":15,"sizes":[]},"space_between":{"unit":"px","size":0,"sizes":[]},"alignment":"left","custom_css":".woocommerce-review-link {\r\n    display: none;\r\n}","_background_color_stop_tablet":{"unit":"%","size":"","sizes":[]},"_background_color_stop_mobile":{"unit":"%","size":"","sizes":[]},"_background_color_b_stop_tablet":{"unit":"%","size":"","sizes":[]},"_background_color_b_stop_mobile":{"unit":"%","size":"","sizes":[]},"_background_gradient_angle_tablet":{"unit":"deg","size":"","sizes":[]},"_background_gradient_angle_mobile":{"unit":"deg","size":"","sizes":[]},"_background_hover_color_stop_tablet":{"unit":"%","size":"","sizes":[]},"_background_hover_color_stop_mobile":{"unit":"%","size":"","sizes":[]},"_background_hover_color_b_stop_tablet":{"unit":"%","size":"","sizes":[]},"_background_hover_color_b_stop_mobile":{"unit":"%","size":"","sizes":[]},"_background_hover_gradient_angle_tablet":{"unit":"deg","size":"","sizes":[]},"_background_hover_gradient_angle_mobile":{"unit":"deg","size":"","sizes":[]},"content_width":"full"},"elements":[],"isInner":false,"widgetType":"woocommerce-product-rating","elType":"widget"},{"id":"2c986324","settings":{"content_width":"full","__dynamic__":{"title":"[elementor-tag id=\"\" name=\"woocommerce-product-title-tag\" settings=\"%7B%22product_id%22%3Afalse%2C%22before%22%3A%22%22%2C%22after%22%3A%22%22%2C%22fallback%22%3A%22%22%7D\"]","link":"[elementor-tag id=\"3cc0ec9\" name=\"post-url\" settings=\"%7B%7D\"]"},"title":"Add Your Heading Text Here","header_size":"h5","align":"left","title_color":"#000000","typography_typography":"custom","typography_font_family":"Manrope","typography_font_size":{"unit":"px","size":18,"sizes":[]},"typography_font_weight":"900","typography_line_height":{"unit":"em","size":1,"sizes":[]},"_margin":{"unit":"px","top":"-5","right":"0","bottom":"-5","left":"0","isLinked":false},"_background_color_stop_tablet":{"unit":"%","size":"","sizes":[]},"_background_color_stop_mobile":{"unit":"%","size":"","sizes":[]},"_background_color_b_stop_tablet":{"unit":"%","size":"","sizes":[]},"_background_color_b_stop_mobile":{"unit":"%","size":"","sizes":[]},"_background_gradient_angle_tablet":{"unit":"deg","size":"","sizes":[]},"_background_gradient_angle_mobile":{"unit":"deg","size":"","sizes":[]},"_background_hover_color_stop_tablet":{"unit":"%","size":"","sizes":[]},"_background_hover_color_stop_mobile":{"unit":"%","size":"","sizes":[]},"_background_hover_color_b_stop_tablet":{"unit":"%","size":"","sizes":[]},"_background_hover_color_b_stop_mobile":{"unit":"%","size":"","sizes":[]},"_background_hover_gradient_angle_tablet":{"unit":"deg","size":"","sizes":[]},"_background_hover_gradient_angle_mobile":{"unit":"deg","size":"","sizes":[]}},"elements":[],"isInner":false,"widgetType":"woocommerce-product-title","elType":"widget"},{"id":"7369c8d7","settings":{"text_align":"left","price_color":"#9F9F9F","typography_typography":"custom","typography_font_family":"Manrope","typography_font_size":{"unit":"px","size":17,"sizes":[]},"typography_font_weight":"500","typography_line_height":{"unit":"em","size":1,"sizes":[]},"sale_price_color":"#000000","sale_price_spacing":{"unit":"px","size":10,"sizes":[]},"_margin":{"unit":"px","top":"-3","right":"0","bottom":"-16","left":"0","isLinked":false},"_background_color_stop_tablet":{"unit":"%","size":"","sizes":[]},"_background_color_stop_mobile":{"unit":"%","size":"","sizes":[]},"_background_color_b_stop_tablet":{"unit":"%","size":"","sizes":[]},"_background_color_b_stop_mobile":{"unit":"%","size":"","sizes":[]},"_background_gradient_angle_tablet":{"unit":"deg","size":"","sizes":[]},"_background_gradient_angle_mobile":{"unit":"deg","size":"","sizes":[]},"_background_hover_color_stop_tablet":{"unit":"%","size":"","sizes":[]},"_background_hover_color_stop_mobile":{"unit":"%","size":"","sizes":[]},"_background_hover_color_b_stop_tablet":{"unit":"%","size":"","sizes":[]},"_background_hover_color_b_stop_mobile":{"unit":"%","size":"","sizes":[]},"_background_hover_gradient_angle_tablet":{"unit":"deg","size":"","sizes":[]},"_background_hover_gradient_angle_mobile":{"unit":"deg","size":"","sizes":[]},"content_width":"full"},"elements":[],"isInner":false,"widgetType":"woocommerce-product-price","elType":"widget"}],"isInner":true,"elType":"container"},{"id":"295360ff","settings":{"content_width":"full","flex_direction":"column","flex_justify_content":"flex-start","flex_gap":{"column":"0","row":"0","isLinked":true,"unit":"px","size":0},"margin":{"unit":"px","top":"-22","right":"0","bottom":"0","left":"0","isLinked":false},"padding":{"unit":"px","top":"0","right":"0","bottom":"0","left":"0","isLinked":true},"z_index":2},"elements":[{"id":"43e58857","settings":{"selected_icon":{"value":{"url":"https:\/\/preview.section.express\/wp-content\/uploads\/2024\/07\/new-shopping-bag-a1.svg","id":26984},"library":"svg"},"view":"framed","primary_color":"#000000","secondary_color":"#F5F5F5","hover_primary_color":"#000000","hover_secondary_color":"#F5F5F5","size":{"unit":"px","size":18,"sizes":[]},"icon_padding":{"unit":"px","size":12,"sizes":[]},"border_width":{"unit":"px","top":"1","right":"1","bottom":"1","left":"1","isLinked":true},"border_radius":{"unit":"px","top":"100","right":"100","bottom":"100","left":"100","isLinked":true},"_margin":{"unit":"px","top":"0","right":"40","bottom":"-6","left":"0","isLinked":false},"__dynamic__":{"link":"[elementor-tag id=\"c1b73cf\" name=\"woocommerce-add-to-cart\" settings=\"%7B%22quantity%22%3A1%7D\"]"},"align":"right","_background_color_stop_tablet":{"unit":"%","size":"","sizes":[]},"_background_color_stop_mobile":{"unit":"%","size":"","sizes":[]},"_background_color_b_stop_tablet":{"unit":"%","size":"","sizes":[]},"_background_color_b_stop_mobile":{"unit":"%","size":"","sizes":[]},"_background_gradient_angle_tablet":{"unit":"deg","size":"","sizes":[]},"_background_gradient_angle_mobile":{"unit":"deg","size":"","sizes":[]},"_background_hover_color_stop_tablet":{"unit":"%","size":"","sizes":[]},"_background_hover_color_stop_mobile":{"unit":"%","size":"","sizes":[]},"_background_hover_color_b_stop_tablet":{"unit":"%","size":"","sizes":[]},"_background_hover_color_b_stop_mobile":{"unit":"%","size":"","sizes":[]},"_background_hover_gradient_angle_tablet":{"unit":"deg","size":"","sizes":[]},"_background_hover_gradient_angle_mobile":{"unit":"deg","size":"","sizes":[]},"content_width":"full","_z_index":7},"elements":[],"isInner":false,"widgetType":"icon","elType":"widget"}],"isInner":true,"elType":"container"}],"isInner":false,"elType":"container"}],"page_settings":[],"version":"0.4","title":"C2190-LOOP","type":"loop-item"}