{"content":[{"id":"7d805830","settings":{"flex_direction":"column","boxed_width":{"unit":"px","size":1290,"sizes":[]},"flex_gap":{"column":"0","row":"0","isLinked":true,"unit":"px","size":0},"background_background":"classic","background_color":"#F5F5F5","padding":{"unit":"px","top":"0","right":"0","bottom":"0","left":"0","isLinked":true},"padding_tablet":{"unit":"px","top":"0","right":"0","bottom":"0","left":"0","isLinked":true},"padding_mobile":{"unit":"px","top":"0","right":"0","bottom":"0","left":"0","isLinked":true},"_title":"c1980","content_width":"full"},"elements":[{"id":"269c4177","settings":{"content_width":"full","post_query_include":["terms"],"post_query_include_term_ids":["30"],"image_spacing_custom":{"unit":"px","size":0,"sizes":[]},"dots_size":{"unit":"px","size":6,"sizes":[]},"dots_normal_color":"#FFFFFF","dots_pagination_spacing":{"unit":"px","size":50,"sizes":[]},"template_id":23735,"slides_to_show":"1","slides_to_show_tablet":"1","offset_sides":"right","offset_width":{"unit":"px","size":0,"sizes":[]},"arrows":"","dots_custom_position":"yes","dots_vertical_offset":{"unit":"px","size":-50,"sizes":[]},"dots_position":"inside"},"elements":[],"isInner":false,"widgetType":"loop-carousel","elType":"widget"}],"isInner":false,"elType":"container"}],"page_settings":[],"version":"0.4","title":"c1980","type":"container"}