{"content":[{"id":"6369ead9","settings":{"container_type":"grid","grid_columns_grid":{"unit":"custom","size":"1.3fr 2fr"},"grid_rows_grid":{"unit":"fr","size":"1"},"grid_rows_grid_mobile":{"unit":"fr","size":"1"},"content_width":"full","grid_columns_grid_tablet":{"unit":"custom","size":"","sizes":[]},"grid_columns_grid_mobile":{"unit":"custom","size":1,"sizes":[]},"grid_gaps":{"column":"30","row":"30","isLinked":true,"unit":"px"},"padding":{"unit":"px","top":"0","right":"0","bottom":"0","left":"0","isLinked":true}},"elements":[{"id":"2c6b797e","settings":{"__dynamic__":{"image":"[elementor-tag id=\"\" name=\"post-featured-image\" settings=\"%7B%22fallback%22%3A%7B%22url%22%3A%22%22%2C%22id%22%3A%22%22%2C%22size%22%3A%22%22%7D%7D\"]"},"image_size":"custom","image_custom_dimension":{"width":"800","height":"1000"},"_background_color_stop_tablet":{"unit":"%","size":"","sizes":[]},"_background_color_stop_mobile":{"unit":"%","size":"","sizes":[]},"_background_color_b_stop_tablet":{"unit":"%","size":"","sizes":[]},"_background_color_b_stop_mobile":{"unit":"%","size":"","sizes":[]},"_background_gradient_angle_tablet":{"unit":"deg","size":"","sizes":[]},"_background_gradient_angle_mobile":{"unit":"deg","size":"","sizes":[]},"_background_hover_color_stop_tablet":{"unit":"%","size":"","sizes":[]},"_background_hover_color_stop_mobile":{"unit":"%","size":"","sizes":[]},"_background_hover_color_b_stop_tablet":{"unit":"%","size":"","sizes":[]},"_background_hover_color_b_stop_mobile":{"unit":"%","size":"","sizes":[]},"_background_hover_gradient_angle_tablet":{"unit":"deg","size":"","sizes":[]},"_background_hover_gradient_angle_mobile":{"unit":"deg","size":"","sizes":[]}},"elements":[],"isInner":false,"widgetType":"theme-post-featured-image","elType":"widget"},{"id":"6fa8446b","settings":{"content_width":"full","flex_direction":"column","flex_justify_content":"center","flex_align_items":"flex-start","flex_gap":{"column":"20","row":"20","isLinked":true,"unit":"px","size":20},"padding":{"unit":"px","top":"0","right":"0","bottom":"0","left":"0","isLinked":true}},"elements":[{"id":"637de623","settings":{"title":"Sample Subtitle","header_size":"span","title_color":"#9F9F9F","typography_typography":"custom","typography_font_family":"Manrope","typography_font_size":{"unit":"px","size":13,"sizes":[]},"typography_font_weight":"600","typography_text_transform":"uppercase","typography_line_height":{"unit":"em","size":1,"sizes":[]},"_margin":{"unit":"px","top":"-8","right":"0","bottom":"-6","left":"0","isLinked":false},"_margin_tablet":{"unit":"px","top":"-8","right":"0","bottom":"-6","left":"0","isLinked":false},"__dynamic__":{"title":"[elementor-tag id=\"f7851d7\" name=\"woocommerce-product-terms-tag\" settings=\"%7B%22separator%22%3A%22%2C%20%22%2C%22before%22%3A%22%22%7D\"]","link":"[elementor-tag id=\"97b4c24\" name=\"archive-url\" settings=\"%7B%7D\"]"},"content_width":"full"},"elements":[],"isInner":false,"widgetType":"heading","elType":"widget"},{"id":"31c2cbe0","settings":{"content_width":"full","__dynamic__":{"title":"[elementor-tag id=\"\" name=\"woocommerce-product-title-tag\" settings=\"%7B%22product_id%22%3Afalse%2C%22before%22%3A%22%22%2C%22after%22%3A%22%22%2C%22fallback%22%3A%22%22%7D\"]","link":"[elementor-tag id=\"3cc0ec9\" name=\"post-url\" settings=\"%7B%7D\"]"},"title":"Add Your Heading Text Here","header_size":"h5","align":"left","title_color":"#000000","typography_typography":"custom","typography_font_family":"Manrope","typography_font_size":{"unit":"px","size":18,"sizes":[]},"typography_font_weight":"900","typography_line_height":{"unit":"em","size":1,"sizes":[]},"_margin":{"unit":"px","top":"-5","right":"0","bottom":"-5","left":"0","isLinked":false},"_background_color_stop_tablet":{"unit":"%","size":"","sizes":[]},"_background_color_stop_mobile":{"unit":"%","size":"","sizes":[]},"_background_color_b_stop_tablet":{"unit":"%","size":"","sizes":[]},"_background_color_b_stop_mobile":{"unit":"%","size":"","sizes":[]},"_background_gradient_angle_tablet":{"unit":"deg","size":"","sizes":[]},"_background_gradient_angle_mobile":{"unit":"deg","size":"","sizes":[]},"_background_hover_color_stop_tablet":{"unit":"%","size":"","sizes":[]},"_background_hover_color_stop_mobile":{"unit":"%","size":"","sizes":[]},"_background_hover_color_b_stop_tablet":{"unit":"%","size":"","sizes":[]},"_background_hover_color_b_stop_mobile":{"unit":"%","size":"","sizes":[]},"_background_hover_gradient_angle_tablet":{"unit":"deg","size":"","sizes":[]},"_background_hover_gradient_angle_mobile":{"unit":"deg","size":"","sizes":[]}},"elements":[],"isInner":false,"widgetType":"woocommerce-product-title","elType":"widget"},{"id":"b37a73c","settings":{"text_align":"left","price_color":"#9F9F9F","typography_typography":"custom","typography_font_family":"Manrope","typography_font_size":{"unit":"px","size":17,"sizes":[]},"typography_font_weight":"500","typography_line_height":{"unit":"em","size":1,"sizes":[]},"sale_price_color":"#000000","sale_price_spacing":{"unit":"px","size":10,"sizes":[]},"_margin":{"unit":"px","top":"-3","right":"0","bottom":"-16","left":"0","isLinked":false},"_background_color_stop_tablet":{"unit":"%","size":"","sizes":[]},"_background_color_stop_mobile":{"unit":"%","size":"","sizes":[]},"_background_color_b_stop_tablet":{"unit":"%","size":"","sizes":[]},"_background_color_b_stop_mobile":{"unit":"%","size":"","sizes":[]},"_background_gradient_angle_tablet":{"unit":"deg","size":"","sizes":[]},"_background_gradient_angle_mobile":{"unit":"deg","size":"","sizes":[]},"_background_hover_color_stop_tablet":{"unit":"%","size":"","sizes":[]},"_background_hover_color_stop_mobile":{"unit":"%","size":"","sizes":[]},"_background_hover_color_b_stop_tablet":{"unit":"%","size":"","sizes":[]},"_background_hover_color_b_stop_mobile":{"unit":"%","size":"","sizes":[]},"_background_hover_gradient_angle_tablet":{"unit":"deg","size":"","sizes":[]},"_background_hover_gradient_angle_mobile":{"unit":"deg","size":"","sizes":[]},"content_width":"full"},"elements":[],"isInner":false,"widgetType":"woocommerce-product-price","elType":"widget"}],"isInner":true,"elType":"container"}],"isInner":false,"elType":"container"}],"page_settings":[],"version":"0.4","title":"C2164-LOOP","type":"loop-item"}