{"content":[{"id":"c70497c","settings":{"flex_direction":"column","content_width":"full","flex_justify_content":"flex-start","flex_align_items":"center","flex_gap":{"column":"0","row":"0","isLinked":true,"unit":"px","size":0},"padding":{"unit":"px","top":"0","right":"0","bottom":"0","left":"0","isLinked":true}},"elements":[{"id":"221a1081","settings":{"graphic_element":"none","title_text_a":"","description_text_a":"","background_a_background":"classic","background_a_position":"center center","background_a_repeat":"no-repeat","background_a_size":"cover","title_text_b":"This is the heading","description_text_b":"Lorem ipsum dolor sit amet consectetur adipiscing elit dolor","button_text":"PREVIEW","background_b_background":"classic","background_b_color":"#FFFFFF","vertical_position_b":"middle","title_spacing_b":{"unit":"px","size":18,"sizes":[]},"title_color_b":"#000000","title_typography_b_typography":"custom","title_typography_b_font_family":"Manrope","title_typography_b_font_size":{"unit":"px","size":18,"sizes":[]},"title_typography_b_font_weight":"900","title_typography_b_line_height":{"unit":"em","size":1,"sizes":[]},"description_spacing_b":{"unit":"px","size":35,"sizes":[]},"description_color_b":"#9F9F9F","description_typography_b_typography":"custom","description_typography_b_font_family":"Manrope","description_typography_b_font_size":{"unit":"px","size":17,"sizes":[]},"description_typography_b_font_weight":"500","description_typography_b_line_height":{"unit":"em","size":1,"sizes":[]},"button_size":"lg","button_typography_typography":"custom","button_typography_font_family":"Manrope","button_typography_font_size":{"unit":"px","size":15,"sizes":[]},"button_typography_font_weight":"800","button_typography_line_height":{"unit":"em","size":1,"sizes":[]},"button_text_color":"#000000","button_background_color":"#02010100","button_border_color":"#000000","button_hover_text_color":"#FFFFFF","button_hover_background_color":"#000000","button_hover_border_color":"#000000","button_border_width":{"unit":"px","size":1,"sizes":[]},"button_border_radius":{"unit":"px","size":0,"sizes":[]},"__dynamic__":{"background_a_image":"[elementor-tag id=\"dd630f1\" name=\"woocommerce-product-image-tag\" settings=\"%7B%7D\"]","title_text_b":"[elementor-tag id=\"f537233\" name=\"woocommerce-product-title-tag\" settings=\"%7B%7D\"]","description_text_b":"[elementor-tag id=\"f4d67b2\" name=\"woocommerce-product-price-tag\" settings=\"%7B%7D\"]","link":"[elementor-tag id=\"df54196\" name=\"post-url\" settings=\"%7B%7D\"]"},"height":{"unit":"px","size":410,"sizes":[]},"height_tablet":{"unit":"px","size":320,"sizes":[]},"height_mobile":{"unit":"px","size":303,"sizes":[]},"border_radius":{"unit":"px","size":0,"sizes":[]},"flip_effect":"slide"},"elements":[],"isInner":false,"widgetType":"flip-box","elType":"widget"}],"isInner":false,"elType":"container"}],"page_settings":[],"version":"0.4","title":"C2199-LOOP","type":"loop-item"}