{"content":[{"id":"568eea91","settings":{"flex_direction":"column","content_width":"full","flex_justify_content":"flex-start","flex_align_items":"flex-start","flex_gap":{"column":"0","row":"0","isLinked":true,"unit":"px","size":0},"background_background":"classic","background_color":"#FFFFFF","margin":{"unit":"px","top":"70","right":"0","bottom":"0","left":"0","isLinked":false},"padding":{"unit":"px","top":"0","right":"0","bottom":"0","left":"50","isLinked":false},"padding_tablet":{"unit":"px","top":"0","right":"0","bottom":"0","left":"30","isLinked":false}},"elements":[{"id":"3e92cf33","settings":{"content_width":"full","__dynamic__":{"image":"[elementor-tag id=\"\" name=\"post-featured-image\" settings=\"%7B%22fallback%22%3A%7B%22url%22%3A%22%22%2C%22id%22%3A%22%22%2C%22size%22%3A%22%22%7D%7D\"]"},"image_size":"custom","image_custom_dimension":{"width":"800","height":"500"},"_margin":{"unit":"px","top":"-70","right":"0","bottom":"0","left":"0","isLinked":false}},"elements":[],"isInner":false,"widgetType":"theme-post-featured-image","elType":"widget"},{"id":"29a6305b","settings":{"content_width":"full","flex_direction":"column","flex_justify_content":"flex-start","flex_align_items":"flex-start","flex_gap":{"column":"30","row":"30","isLinked":true,"unit":"px","size":30},"padding":{"unit":"px","top":"35","right":"50","bottom":"50","left":"0","isLinked":false},"padding_tablet":{"unit":"px","top":"30","right":"30","bottom":"50","left":"0","isLinked":false}},"elements":[{"id":"433aa6be","settings":{"content_width":"full","icon_list":[{"selected_icon":{"value":{"url":"https:\/\/preview.section.express\/wp-content\/uploads\/2024\/07\/blog-icon-list-6.svg","id":22631},"library":"svg"},"custom_date_format":"F j, Y","custom_time_format":"g:i a","show_icon":"custom","type":"terms","_id":"22ca965","taxonomy":"category"},{"selected_icon":{"value":{"url":"https:\/\/preview.section.express\/wp-content\/uploads\/2024\/07\/blog-icon-list-3.svg","id":22633},"library":"svg"},"_id":"ba942ce","custom_date_format":"M d \u2014 Y","custom_time_format":"g:i a","link":"","show_icon":"custom","date_format":"custom"}],"space_between":{"unit":"px","size":28,"sizes":[]},"icon_align":"left","icon_color":"#9F9F9F","icon_size":{"unit":"px","size":22,"sizes":[]},"text_indent":{"unit":"px","size":7,"sizes":[]},"text_color":"#9F9F9F","icon_typography_typography":"custom","icon_typography_font_family":"Manrope","icon_typography_font_size":{"unit":"px","size":14,"sizes":[]},"icon_typography_font_weight":"500","icon_typography_line_height":{"unit":"em","size":1,"sizes":[]},"_margin":{"unit":"px","top":"-2","right":"0","bottom":"-2","left":"-2","isLinked":false},"divider":"yes","divider_height":{"unit":"px","size":"","sizes":[]},"divider_color":"#D8D8D8"},"elements":[],"isInner":false,"widgetType":"post-info","elType":"widget"},{"id":"58f4a734","settings":{"content_width":"full","__dynamic__":{"title":"[elementor-tag id=\"\" name=\"post-title\" settings=\"%7B%22before%22%3A%22%22%2C%22after%22%3A%22%22%2C%22fallback%22%3A%22%22%7D\"]","link":"[elementor-tag id=\"f928bc9\" name=\"post-url\" settings=\"%7B%7D\"]"},"title":"Add Your Heading Text Here","header_size":"h5","align":"left","title_color":"#000000","typography_typography":"custom","typography_font_family":"Manrope","typography_font_size":{"unit":"px","size":22,"sizes":[]},"typography_font_weight":"900","typography_line_height":{"unit":"em","size":1.3,"sizes":[]},"typography_letter_spacing":{"unit":"px","size":-0.4,"sizes":[]},"_margin":{"unit":"px","top":"-10","right":"0","bottom":"-6","left":"0","isLinked":false}},"elements":[],"isInner":false,"widgetType":"theme-post-title","elType":"widget"},{"id":"76fa3a19","settings":{"text":"Read More","icon_align":"right","icon_indent":{"unit":"px","size":5,"sizes":[]},"typography_typography":"custom","typography_font_family":"Manrope","typography_font_size":{"unit":"px","size":15,"sizes":[]},"typography_font_weight":"800","typography_line_height":{"unit":"em","size":1,"sizes":[]},"button_text_color":"#000000","background_color":"#00000000","hover_color":"#686868","button_background_hover_color":"#00000000","button_hover_border_color":"#000000","border_border":"solid","border_width":{"unit":"px","top":"0","right":"0","bottom":"1","left":"0","isLinked":false},"border_color":"#000000","border_radius":{"unit":"px","top":"0","right":"0","bottom":"0","left":"0","isLinked":true},"text_padding":{"unit":"px","top":"0","right":"0","bottom":"5","left":"0","isLinked":false},"_margin":{"unit":"px","top":"-7","right":"0","bottom":"0","left":"0","isLinked":false},"typography_text_transform":"uppercase","content_width":"full","__dynamic__":{"link":"[elementor-tag id=\"bd500aa\" name=\"post-url\" settings=\"%7B%7D\"]"}},"elements":[],"isInner":false,"widgetType":"button","elType":"widget"}],"isInner":true,"elType":"container"}],"isInner":false,"elType":"container"}],"page_settings":[],"version":"0.4","title":"C2140-LOOP","type":"loop-item"}