{"content":[{"id":"4eb21408","settings":{"flex_direction":"column","boxed_width":{"unit":"px","size":1290,"sizes":[]},"flex_gap":{"column":"0","row":"0","isLinked":true,"unit":"px","size":0},"background_background":"classic","background_color":"#F5F5F5","padding":{"unit":"px","top":"120","right":"0","bottom":"120","left":"0","isLinked":false},"padding_tablet":{"unit":"px","top":"80","right":"0","bottom":"80","left":"0","isLinked":false},"padding_mobile":{"unit":"px","top":"60","right":"0","bottom":"60","left":"0","isLinked":false},"_title":"c2262","content_width":"full"},"elements":[{"id":"5107459","settings":{"content_width":"full","post_query_include":["terms"],"post_query_include_term_ids":["36"],"image_spacing_custom":{"unit":"px","size":0,"sizes":[]},"dots_size":{"unit":"px","size":6,"sizes":[]},"dots_normal_color":"#000000","dots_pagination_spacing":{"unit":"px","size":50,"sizes":[]},"post_query_post_type":"jetpack-portfolio","product_query_include":["terms"],"product_query_include_term_ids":["15"],"template_id":29335,"_animation":"fadeIn","animation_duration":"fast","_animation_delay":500,"offset_sides":"both","offset_width":{"unit":"px","size":150,"sizes":[]},"offset_width_tablet":{"unit":"px","size":80,"sizes":[]},"offset_width_mobile":{"unit":"px","size":30,"sizes":[]},"arrows":"","pagination":"","_border_border":"solid","_border_width":{"unit":"px","top":"1","right":"0","bottom":"0","left":"1","isLinked":false},"_border_color":"#D8D8D8"},"elements":[],"isInner":false,"widgetType":"loop-carousel","elType":"widget"}],"isInner":false,"elType":"container"}],"page_settings":[],"version":"0.4","title":"c2262","type":"container"}