{"content":[{"id":"343c03d0","settings":{"flex_direction":"column","boxed_width":{"unit":"px","size":1290,"sizes":[]},"flex_gap":{"column":"0","row":"0","isLinked":true,"unit":"px","size":0},"background_background":"classic","background_color":"#F5F5F5","padding":{"unit":"px","top":"120","right":"0","bottom":"120","left":"0","isLinked":false},"padding_tablet":{"unit":"px","top":"80","right":"0","bottom":"80","left":"0","isLinked":false},"padding_mobile":{"unit":"px","top":"60","right":"0","bottom":"60","left":"0","isLinked":false},"_title":"c2184","content_width":"full"},"elements":[{"id":"35582bb0","settings":{"boxed_width":{"unit":"px","size":1290,"sizes":[]},"flex_direction":"column","flex_gap":{"column":"0","row":"0","isLinked":true,"unit":"px","size":0},"background_color":"#ECC5C5","padding":{"unit":"px","top":"0","right":"0","bottom":"0","left":"0","isLinked":true},"flex_justify_content":"flex-start","animation":"fadeIn","animation_duration":"fast","animation_delay":500,"content_width":"full"},"elements":[{"id":"7fd608c","settings":{"content_width":"full","post_query_include":["terms"],"post_query_include_term_ids":["15"],"image_spacing_custom":{"unit":"px","size":0,"sizes":[]},"dots_size":{"unit":"px","size":6,"sizes":[]},"dots_normal_color":"#000000","dots_pagination_spacing":{"unit":"px","size":50,"sizes":[]},"_skin":"product","post_query_post_type":"product","product_query_include":["terms"],"product_query_include_term_ids":["33"],"template_id":27592,"slides_to_show":"4","offset_sides":"both","offset_width":{"unit":"px","size":120,"sizes":[]},"offset_width_tablet":{"unit":"px","size":80,"sizes":[]},"offset_width_mobile":{"unit":"px","size":0,"sizes":[]},"navigation_previous_icon_horizontal_position":{"unit":"px","size":20,"sizes":[]},"navigation_next_icon_horizontal_position":{"unit":"px","size":20,"sizes":[]},"pagination":"","arrows_size":{"unit":"px","size":20,"sizes":[]},"arrow_normal_color":"#000000","arrow_hover_color":"#000000","_border_border":"solid","_border_width":{"unit":"px","top":"1","right":"0","bottom":"0","left":"1","isLinked":false},"_border_color":"#000000"},"elements":[],"isInner":false,"widgetType":"loop-carousel","elType":"widget"}],"isInner":true,"elType":"container"}],"isInner":false,"elType":"container"}],"page_settings":[],"version":"0.4","title":"c2184","type":"container"}