{"content":[{"id":"63dd1611","settings":{"flex_direction":"column","boxed_width":{"unit":"px","size":1290,"sizes":[]},"flex_gap":{"column":"0","row":"0","isLinked":true,"unit":"px","size":0},"background_background":"classic","background_color":"#F5F5F5","padding":{"unit":"px","top":"0","right":"0","bottom":"120","left":"0","isLinked":false},"padding_tablet":{"unit":"px","top":"0","right":"0","bottom":"80","left":"0","isLinked":false},"padding_mobile":{"unit":"px","top":"0","right":"0","bottom":"60","left":"0","isLinked":false},"_title":"c2302","content_width":"full"},"elements":[{"id":"79dbf935","settings":{"content_width":"full","post_query_include":["terms"],"post_query_include_term_ids":["37"],"image_spacing_custom":{"unit":"px","size":0,"sizes":[]},"dots_size":{"unit":"px","size":6,"sizes":[]},"dots_normal_color":"#000000","dots_pagination_spacing":{"unit":"px","size":50,"sizes":[]},"post_query_post_type":"jetpack-portfolio","product_query_include":["terms"],"product_query_include_term_ids":["15"],"template_id":30098,"slides_to_show":"1","slides_to_show_tablet":"1","pagination":"","navigation_previous_icon_horizontal_orientation":"end","navigation_previous_icon_horizontal_orientation_mobile":"center","navigation_previous_icon_horizontal_position":{"unit":"px","size":-75,"sizes":[]},"navigation_previous_icon_horizontal_position_mobile":{"unit":"px","size":-15,"sizes":[]},"navigation_previous_icon_vertical_orientation":"end","navigation_previous_icon_vertical_position":{"unit":"px","size":-6,"sizes":[]},"navigation_previous_icon_vertical_position_mobile":{"unit":"px","size":60,"sizes":[]},"navigation_next_icon_horizontal_orientation_mobile":"center","navigation_next_icon_horizontal_position":{"unit":"px","size":40,"sizes":[]},"navigation_next_icon_horizontal_position_mobile":{"unit":"px","size":-15,"sizes":[]},"navigation_next_icon_vertical_orientation":"end","navigation_next_icon_vertical_position":{"unit":"px","size":-6,"sizes":[]},"navigation_next_icon_vertical_position_mobile":{"unit":"px","size":60,"sizes":[]},"arrows_size":{"unit":"px","size":30,"sizes":[]},"arrow_normal_color":"#000000","arrow_hover_color":"#000000"},"elements":[],"isInner":false,"widgetType":"loop-carousel","elType":"widget"}],"isInner":false,"elType":"container"}],"page_settings":[],"version":"0.4","title":"c2302","type":"container"}