{"content":[{"id":"1fb1d4ae","settings":{"flex_direction":"column","boxed_width":{"unit":"px","size":1290,"sizes":[]},"flex_gap":{"column":"0","row":"0","isLinked":true,"unit":"px","size":0},"background_background":"classic","background_color":"#F5F5F5","padding":{"unit":"px","top":"0","right":"0","bottom":"0","left":"0","isLinked":true},"padding_tablet":{"unit":"px","top":"0","right":"0","bottom":"0","left":"0","isLinked":true},"padding_mobile":{"unit":"px","top":"0","right":"0","bottom":"0","left":"0","isLinked":true},"_title":"c2305","content_width":"full"},"elements":[{"id":"527abddf","settings":{"content_width":"full","post_query_include":["terms"],"post_query_include_term_ids":["36"],"image_spacing_custom":{"unit":"px","size":30,"sizes":[]},"dots_size":{"unit":"px","size":6,"sizes":[]},"dots_normal_color":"#000000","dots_pagination_spacing":{"unit":"px","size":50,"sizes":[]},"post_query_post_type":"jetpack-portfolio","product_query_include":["terms"],"product_query_include_term_ids":["15"],"template_id":30168,"slides_to_show":"1","slides_to_show_tablet":"1","navigation_previous_icon_horizontal_position":{"unit":"px","size":50,"sizes":[]},"navigation_next_icon_horizontal_position":{"unit":"px","size":50,"sizes":[]},"arrows_size":{"unit":"px","size":30,"sizes":[]},"arrow_normal_color":"#000000","dots_hover_color":"#000000","dots_custom_position":"yes","dots_vertical_offset":{"unit":"px","size":-55,"sizes":[]},"dots_position":"inside","navigation_previous_icon_horizontal_position_mobile":{"unit":"px","size":20,"sizes":[]},"navigation_next_icon_horizontal_position_mobile":{"unit":"px","size":20,"sizes":[]},"arrow_hover_color":"#000000","dots_vertical_offset_tablet":{"unit":"px","size":-35,"sizes":[]},"dots_vertical_offset_mobile":{"unit":"px","size":-25,"sizes":[]},"_animation":"fadeIn","animation_duration":"fast","_animation_delay":500},"elements":[],"isInner":false,"widgetType":"loop-carousel","elType":"widget"}],"isInner":false,"elType":"container"}],"page_settings":[],"version":"0.4","title":"c2305","type":"container"}