{"content":[{"id":"2c8d2e27","settings":{"flex_direction":"column","boxed_width":{"unit":"px","size":1290,"sizes":[]},"flex_gap":{"column":"0","row":"0","isLinked":true,"unit":"px","size":0},"background_background":"classic","background_color":"#F5F5F5","padding":{"unit":"px","top":"120","right":"0","bottom":"120","left":"0","isLinked":false},"padding_tablet":{"unit":"px","top":"80","right":"0","bottom":"80","left":"0","isLinked":false},"padding_mobile":{"unit":"px","top":"60","right":"0","bottom":"60","left":"0","isLinked":false},"_title":"c2253","content_width":"full"},"elements":[{"id":"34c864e4","settings":{"content_width":"full","post_query_include":["terms"],"post_query_include_term_ids":["38"],"image_spacing_custom":{"unit":"px","size":50,"sizes":[]},"dots_size":{"unit":"px","size":6,"sizes":[]},"dots_normal_color":"#000000","dots_pagination_spacing":{"unit":"px","size":50,"sizes":[]},"post_query_post_type":"jetpack-portfolio","product_query_include":["terms"],"product_query_include_term_ids":["15"],"template_id":29122,"slides_to_show":"4","offset_sides":"both","offset_width":{"unit":"px","size":100,"sizes":[]},"offset_width_tablet":{"unit":"px","size":80,"sizes":[]},"offset_width_mobile":{"unit":"px","size":60,"sizes":[]},"arrows":"","image_spacing_custom_tablet":{"unit":"px","size":30,"sizes":[]},"image_spacing_custom_mobile":{"unit":"px","size":30,"sizes":[]}},"elements":[],"isInner":false,"widgetType":"loop-carousel","elType":"widget"}],"isInner":false,"elType":"container"}],"page_settings":[],"version":"0.4","title":"c2253","type":"container"}