{"content":[{"id":"48050327","settings":{"flex_direction":"column","boxed_width":{"unit":"px","size":1290,"sizes":[]},"flex_gap":{"column":"0","row":"0","isLinked":true,"unit":"px","size":0},"background_background":"classic","background_color":"#F5F5F5","padding":{"unit":"px","top":"120","right":"0","bottom":"120","left":"0","isLinked":false},"padding_tablet":{"unit":"px","top":"80","right":"0","bottom":"80","left":"0","isLinked":false},"padding_mobile":{"unit":"px","top":"60","right":"0","bottom":"60","left":"0","isLinked":false},"_title":"c2099","content_width":"full"},"elements":[{"id":"18d543f5","settings":{"boxed_width":{"unit":"px","size":1290,"sizes":[]},"flex_direction":"column","flex_gap":{"column":"0","row":"0","isLinked":true,"unit":"px","size":0},"background_color":"#ECC5C5","padding":{"unit":"px","top":"0","right":"0","bottom":"0","left":"0","isLinked":true},"flex_justify_content":"flex-start","animation":"fadeIn","animation_duration":"fast","animation_delay":500,"content_width":"full"},"elements":[{"id":"73e07eb9","settings":{"content_width":"full","post_query_include":["terms"],"post_query_include_term_ids":["24"],"image_spacing_custom":{"unit":"px","size":30,"sizes":[]},"dots_size":{"unit":"px","size":6,"sizes":[]},"dots_normal_color":"#000000","dots_pagination_spacing":{"unit":"px","size":50,"sizes":[]},"template_id":25946,"offset_sides":"both","offset_width":{"unit":"px","size":120,"sizes":[]},"offset_width_tablet":{"unit":"px","size":120,"sizes":[]},"offset_width_mobile":{"unit":"px","size":0,"sizes":[]},"arrows":"","slides_to_show_tablet":"1"},"elements":[],"isInner":false,"widgetType":"loop-carousel","elType":"widget"}],"isInner":true,"elType":"container"}],"isInner":false,"elType":"container"}],"page_settings":[],"version":"0.4","title":"c2099","type":"container"}