{"content":[{"id":"268906d6","settings":{"flex_direction":"column","content_width":"full","flex_justify_content":"flex-start","flex_align_items":"flex-start","flex_gap":{"column":"0","row":"0","isLinked":true,"unit":"px","size":0},"padding":{"unit":"px","top":"0","right":"0","bottom":"0","left":"0","isLinked":true}},"elements":[{"id":"712e2f90","settings":{"content_width":"full","__dynamic__":{"image":"[elementor-tag id=\"\" name=\"post-featured-image\" settings=\"%7B%22fallback%22%3A%7B%22url%22%3A%22%22%2C%22id%22%3A%22%22%2C%22size%22%3A%22%22%7D%7D\"]"},"image_size":"custom","image_custom_dimension":{"width":"800","height":"800"},"_background_color_stop_tablet":{"unit":"%","size":"","sizes":[]},"_background_color_stop_mobile":{"unit":"%","size":"","sizes":[]},"_background_color_b_stop_tablet":{"unit":"%","size":"","sizes":[]},"_background_color_b_stop_mobile":{"unit":"%","size":"","sizes":[]},"_background_gradient_angle_tablet":{"unit":"deg","size":"","sizes":[]},"_background_gradient_angle_mobile":{"unit":"deg","size":"","sizes":[]},"_background_hover_color_stop_tablet":{"unit":"%","size":"","sizes":[]},"_background_hover_color_stop_mobile":{"unit":"%","size":"","sizes":[]},"_background_hover_color_b_stop_tablet":{"unit":"%","size":"","sizes":[]},"_background_hover_color_b_stop_mobile":{"unit":"%","size":"","sizes":[]},"_background_hover_gradient_angle_tablet":{"unit":"deg","size":"","sizes":[]},"_background_hover_gradient_angle_mobile":{"unit":"deg","size":"","sizes":[]}},"elements":[],"isInner":false,"widgetType":"theme-post-featured-image","elType":"widget"},{"id":"1a2f53d4","settings":{"flex_direction":"column","flex_justify_content":"flex-start","flex_align_items":"flex-start","flex_gap":{"column":"0","row":"0","isLinked":true,"unit":"px","size":0},"padding":{"unit":"px","top":"0","right":"50","bottom":"0","left":"0","isLinked":false},"position":"absolute","_offset_orientation_v":"end","z_index":2},"elements":[{"id":"54773562","settings":{"content_width":"full","flex_direction":"column","flex_justify_content":"flex-start","flex_align_items":"flex-start","flex_gap":{"column":"30","row":"30","isLinked":true,"unit":"px","size":30},"background_background":"classic","background_color":"#F5F5F5","padding":{"unit":"px","top":"50","right":"70","bottom":"0","left":"0","isLinked":false},"padding_tablet":{"unit":"px","top":"50","right":"50","bottom":"0","left":"0","isLinked":false}},"elements":[{"id":"2710d45d","settings":{"content_width":"full","icon_list":[{"type":"terms","selected_icon":{"value":{"url":"https:\/\/preview.section.express\/wp-content\/uploads\/2024\/07\/blog-icon-list-6.svg","id":22631},"library":"svg"},"_id":"ba942ce","custom_date_format":"F j, Y","custom_time_format":"g:i a","taxonomy":"category","show_icon":"none"}],"space_between":{"unit":"px","size":20,"sizes":[]},"icon_align":"left","icon_color":"#000000","icon_size":{"unit":"px","size":22,"sizes":[]},"text_indent":{"unit":"px","size":0,"sizes":[]},"text_color":"#000000","icon_typography_typography":"custom","icon_typography_font_family":"Manrope","icon_typography_font_size":{"unit":"px","size":14,"sizes":[]},"icon_typography_font_weight":"500","icon_typography_line_height":{"unit":"em","size":1,"sizes":[]},"_margin":{"unit":"px","top":"-2","right":"0","bottom":"-2","left":"0","isLinked":false},"icon_typography_text_transform":"uppercase","_background_color_stop_tablet":{"unit":"%","size":"","sizes":[]},"_background_color_stop_mobile":{"unit":"%","size":"","sizes":[]},"_background_color_b_stop_tablet":{"unit":"%","size":"","sizes":[]},"_background_color_b_stop_mobile":{"unit":"%","size":"","sizes":[]},"_background_gradient_angle_tablet":{"unit":"deg","size":"","sizes":[]},"_background_gradient_angle_mobile":{"unit":"deg","size":"","sizes":[]},"_background_hover_color_stop_tablet":{"unit":"%","size":"","sizes":[]},"_background_hover_color_stop_mobile":{"unit":"%","size":"","sizes":[]},"_background_hover_color_b_stop_tablet":{"unit":"%","size":"","sizes":[]},"_background_hover_color_b_stop_mobile":{"unit":"%","size":"","sizes":[]},"_background_hover_gradient_angle_tablet":{"unit":"deg","size":"","sizes":[]},"_background_hover_gradient_angle_mobile":{"unit":"deg","size":"","sizes":[]}},"elements":[],"isInner":false,"widgetType":"post-info","elType":"widget"},{"id":"213d076a","settings":{"content_width":"full","__dynamic__":{"title":"[elementor-tag id=\"\" name=\"post-title\" settings=\"%7B%22before%22%3A%22%22%2C%22after%22%3A%22%22%2C%22fallback%22%3A%22%22%7D\"]","link":"[elementor-tag id=\"f928bc9\" name=\"post-url\" settings=\"%7B%7D\"]"},"title":"Add Your Heading Text Here","header_size":"h5","align":"left","title_color":"#000000","typography_typography":"custom","typography_font_family":"Manrope","typography_font_size":{"unit":"px","size":22,"sizes":[]},"typography_font_weight":"900","typography_line_height":{"unit":"em","size":1.3,"sizes":[]},"typography_letter_spacing":{"unit":"px","size":-0.4,"sizes":[]},"_margin":{"unit":"px","top":"-5","right":"0","bottom":"-6","left":"0","isLinked":false},"_background_color_stop_tablet":{"unit":"%","size":"","sizes":[]},"_background_color_stop_mobile":{"unit":"%","size":"","sizes":[]},"_background_color_b_stop_tablet":{"unit":"%","size":"","sizes":[]},"_background_color_b_stop_mobile":{"unit":"%","size":"","sizes":[]},"_background_gradient_angle_tablet":{"unit":"deg","size":"","sizes":[]},"_background_gradient_angle_mobile":{"unit":"deg","size":"","sizes":[]},"_background_hover_color_stop_tablet":{"unit":"%","size":"","sizes":[]},"_background_hover_color_stop_mobile":{"unit":"%","size":"","sizes":[]},"_background_hover_color_b_stop_tablet":{"unit":"%","size":"","sizes":[]},"_background_hover_color_b_stop_mobile":{"unit":"%","size":"","sizes":[]},"_background_hover_gradient_angle_tablet":{"unit":"deg","size":"","sizes":[]},"_background_hover_gradient_angle_mobile":{"unit":"deg","size":"","sizes":[]}},"elements":[],"isInner":false,"widgetType":"theme-post-title","elType":"widget"},{"id":"5926126a","settings":{"content_width":"full","icon_list":[{"selected_icon":{"value":{"url":"https:\/\/preview.section.express\/wp-content\/uploads\/2024\/07\/blog-icon-list-3.svg","id":22633},"library":"svg"},"_id":"ba942ce","custom_date_format":"M d \u2014 Y","custom_time_format":"g:i a","link":"","show_icon":"none","date_format":"custom"}],"space_between":{"unit":"px","size":20,"sizes":[]},"icon_align":"left","icon_color":"#000000","icon_size":{"unit":"px","size":22,"sizes":[]},"text_indent":{"unit":"px","size":0,"sizes":[]},"text_color":"#9F9F9F","icon_typography_typography":"custom","icon_typography_font_family":"Manrope","icon_typography_font_size":{"unit":"px","size":14,"sizes":[]},"icon_typography_font_weight":"500","icon_typography_line_height":{"unit":"em","size":1,"sizes":[]},"_margin":{"unit":"px","top":"-2","right":"0","bottom":"-2","left":"0","isLinked":false},"_background_color_stop_tablet":{"unit":"%","size":"","sizes":[]},"_background_color_stop_mobile":{"unit":"%","size":"","sizes":[]},"_background_color_b_stop_tablet":{"unit":"%","size":"","sizes":[]},"_background_color_b_stop_mobile":{"unit":"%","size":"","sizes":[]},"_background_gradient_angle_tablet":{"unit":"deg","size":"","sizes":[]},"_background_gradient_angle_mobile":{"unit":"deg","size":"","sizes":[]},"_background_hover_color_stop_tablet":{"unit":"%","size":"","sizes":[]},"_background_hover_color_stop_mobile":{"unit":"%","size":"","sizes":[]},"_background_hover_color_b_stop_tablet":{"unit":"%","size":"","sizes":[]},"_background_hover_color_b_stop_mobile":{"unit":"%","size":"","sizes":[]},"_background_hover_gradient_angle_tablet":{"unit":"deg","size":"","sizes":[]},"_background_hover_gradient_angle_mobile":{"unit":"deg","size":"","sizes":[]}},"elements":[],"isInner":false,"widgetType":"post-info","elType":"widget"}],"isInner":true,"elType":"container"}],"isInner":true,"elType":"container"}],"isInner":false,"elType":"container"}],"page_settings":[],"version":"0.4","title":"C2026-LOOP","type":"loop-item"}