{"content":[{"id":"55c05e34","settings":{"flex_direction":"column","boxed_width":{"unit":"px","size":1290,"sizes":[]},"flex_gap":{"column":"0","row":"0","isLinked":true,"unit":"px","size":0},"background_background":"classic","background_color":"#F5F5F5","padding":{"unit":"px","top":"120","right":"40","bottom":"120","left":"40","isLinked":false},"padding_tablet":{"unit":"px","top":"80","right":"40","bottom":"80","left":"40","isLinked":false},"padding_mobile":{"unit":"px","top":"60","right":"20","bottom":"60","left":"20","isLinked":false},"_title":"c1937","animation":"fadeIn","animation_duration":"fast","animation_delay":500},"elements":[{"id":"6bcef15d","settings":{"boxed_width":{"unit":"px","size":1290,"sizes":[]},"flex_direction":"column","flex_gap":{"column":"0","row":"0","isLinked":true,"unit":"px","size":0},"background_color":"#ECC5C5","padding":{"unit":"px","top":"0","right":"0","bottom":"0","left":"0","isLinked":true},"flex_justify_content":"flex-start"},"elements":[{"id":"14e3f85","settings":{"content_width":"full","template_id":22870,"alternate_templates":[{"template_id":null,"_id":"3dcdc4c"}],"post_query_include":["terms"],"post_query_include_term_ids":["24"],"pagination_page_limit":"5","pagination_prev_label":"Previous","pagination_next_label":"Next","text":"Load More","load_more_no_posts_message_align":"center","load_more_no_posts_custom_message":"No more posts to show","load_more_no_posts_message_typography":"custom","load_more_no_posts_message_font_family":"Manrope","load_more_no_posts_message_font_size":{"unit":"px","size":22,"sizes":[]},"load_more_no_posts_message_font_weight":"900","load_more_no_posts_message_line_height":{"unit":"em","size":1,"sizes":[]},"load_more_no_posts_message_letter_spacing":{"unit":"px","size":-0.4,"sizes":[]},"load_more_no_posts_message_color":"#000000","load_more_spinner_color":"#000000","load_more_spacing":{"unit":"px","size":50,"sizes":[]},"nothing_found_message_text":"It seems we can\u2019t find what you\u2019re looking for.","column_gap":{"unit":"px","size":30,"sizes":[]},"row_gap":{"unit":"px","size":50,"sizes":[]},"nothing_found_message_space_from_top":{"unit":"px","size":50,"sizes":[]},"nothing_found_message_typography_typography":"custom","nothing_found_message_typography_font_family":"Manrope","nothing_found_message_typography_font_size":{"unit":"px","size":22,"sizes":[]},"nothing_found_message_typography_font_weight":"900","nothing_found_message_typography_line_height":{"unit":"em","size":1,"sizes":[]},"nothing_found_message_typography_letter_spacing":{"unit":"px","size":-0.4,"sizes":[]},"nothing_found_message_color":"#000000","_animation":"fadeIn","animation_duration":"fast","_animation_delay":750,"posts_per_page":3,"equal_height":"yes"},"elements":[],"isInner":false,"widgetType":"loop-grid","elType":"widget"}],"isInner":true,"elType":"container"}],"isInner":false,"elType":"container"}],"page_settings":[],"version":"0.4","title":"c1937","type":"container"}