{"content":[{"id":"229ab731","settings":{"flex_direction":"column","boxed_width":{"unit":"px","size":1290,"sizes":[]},"flex_gap":{"column":"0","row":"0","isLinked":true,"unit":"px","size":0},"background_background":"classic","background_color":"#F5F5F5","padding":{"unit":"px","top":"120","right":"40","bottom":"120","left":"40","isLinked":false},"padding_tablet":{"unit":"px","top":"80","right":"40","bottom":"80","left":"40","isLinked":false},"padding_mobile":{"unit":"px","top":"60","right":"20","bottom":"60","left":"20","isLinked":false},"_title":"c2304"},"elements":[{"id":"17384e06","settings":{"boxed_width":{"unit":"px","size":1290,"sizes":[]},"flex_direction":"column","flex_gap":{"column":"0","row":"0","isLinked":true,"unit":"px","size":0},"background_color":"#ECC5C5","padding":{"unit":"px","top":"0","right":"0","bottom":"0","left":"0","isLinked":true},"flex_justify_content":"flex-start","animation":"fadeIn","animation_duration":"fast","animation_delay":500},"elements":[{"id":"3466256b","settings":{"content_width":"full","post_query_include":["terms"],"post_query_include_term_ids":["37"],"image_spacing_custom":{"unit":"px","size":30,"sizes":[]},"dots_size":{"unit":"px","size":6,"sizes":[]},"dots_normal_color":"#000000","dots_pagination_spacing":{"unit":"px","size":0,"sizes":[]},"post_query_post_type":"jetpack-portfolio","product_query_include":["terms"],"product_query_include_term_ids":["15"],"template_id":30139,"slides_to_show":"1","slides_to_show_tablet":"1","navigation_previous_icon_horizontal_orientation":"end","navigation_previous_icon_horizontal_position":{"unit":"px","size":-50,"sizes":[]},"navigation_previous_icon_vertical_orientation":"end","navigation_previous_icon_vertical_position":{"unit":"px","size":13,"sizes":[]},"navigation_next_icon_vertical_orientation":"end","navigation_next_icon_vertical_position":{"unit":"px","size":13,"sizes":[]},"arrows_size":{"unit":"px","size":15,"sizes":[]},"arrow_normal_color":"#000000","arrows_normal_border_type_border":"solid","arrows_normal_border_type_width":{"unit":"px","top":"1","right":"1","bottom":"1","left":"1","isLinked":true},"arrows_normal_border_type_color":"#000000","arrow_hover_color":"#FFFFFF","arrows_hover_background_background":"classic","arrows_hover_background_color":"#000000","arrows_hover_border_type_border":"solid","arrows_hover_border_type_width":{"unit":"px","top":"1","right":"1","bottom":"1","left":"1","isLinked":true},"arrows_hover_border_type_color":"#000000","arrows_border_radius":{"unit":"px","top":"100","right":"100","bottom":"100","left":"100","isLinked":true},"arrows_padding":{"unit":"px","top":"13","right":"13","bottom":"13","left":"13","isLinked":true},"dots_custom_position":"yes","dots_horizontal_position_mobile":"start","dots_horizontal_offset_mobile":{"unit":"px","size":-4,"sizes":[]},"dots_vertical_offset":{"unit":"px","size":-20,"sizes":[]},"dots_vertical_offset_mobile":{"unit":"px","size":30,"sizes":[]},"dots_position":"inside"},"elements":[],"isInner":false,"widgetType":"loop-carousel","elType":"widget"}],"isInner":true,"elType":"container"}],"isInner":false,"elType":"container"}],"page_settings":[],"version":"0.4","title":"c2304","type":"container"}