{"content":[{"id":"382eed1f","settings":{"flex_direction":"column","boxed_width":{"unit":"px","size":1290,"sizes":[]},"flex_gap":{"column":"0","row":"0","isLinked":true,"unit":"px","size":0},"background_background":"classic","background_color":"#F5F5F5","padding":{"unit":"px","top":"0","right":"0","bottom":"0","left":"0","isLinked":true},"padding_tablet":{"unit":"px","top":"0","right":"0","bottom":"0","left":"0","isLinked":true},"padding_mobile":{"unit":"px","top":"0","right":"0","bottom":"0","left":"0","isLinked":true},"_title":"c2244","content_width":"full"},"elements":[{"id":"4ee49120","settings":{"content_width":"full","post_query_include":["terms"],"post_query_include_term_ids":["36"],"image_spacing_custom":{"unit":"px","size":0,"sizes":[]},"dots_size":{"unit":"px","size":6,"sizes":[]},"dots_normal_color":"#000000","dots_pagination_spacing":{"unit":"px","size":0,"sizes":[]},"post_query_post_type":"jetpack-portfolio","product_query_include":["terms"],"product_query_include_term_ids":["15"],"template_id":28943,"slides_to_show":"1","slides_to_show_tablet":"1","arrows":"","dots_custom_position":"yes","dots_horizontal_position":"end","dots_horizontal_offset":{"unit":"px","size":-100,"sizes":[]},"dots_horizontal_offset_mobile":{"unit":"px","size":-80,"sizes":[]},"dots_vertical_position":"center","dots_vertical_position_mobile":"end","dots_vertical_offset_mobile":{"unit":"px","size":-100,"sizes":[]},"dots_position":"inside","custom_css":"\nselector .swiper-pagination {\n  transform: rotate(90deg) !important;\n  -webkit-transform: rotate(90deg) !important;\n}\n"},"elements":[],"isInner":false,"widgetType":"loop-carousel","elType":"widget"}],"isInner":false,"elType":"container"}],"page_settings":[],"version":"0.4","title":"c2244","type":"container"}