{"content":[{"id":"6002b8c5","settings":{"flex_direction":"column","content_width":"full","flex_justify_content":"flex-start","flex_align_items":"center","flex_gap":{"column":"35","row":"35","isLinked":true,"unit":"px","size":35},"padding":{"unit":"px","top":"0","right":"0","bottom":"0","left":"0","isLinked":true}},"elements":[{"id":"4be6fee4","settings":{"image_size":"full","image_custom_dimension":{"width":"800","height":"800"},"__dynamic__":{"image":"[elementor-tag id=\"691e295\" name=\"post-featured-image\" settings=\"%7B%7D\"]"},"image_border_radius":{"unit":"px","top":"20","right":"20","bottom":"20","left":"20","isLinked":true}},"elements":[],"isInner":false,"widgetType":"image","elType":"widget"},{"id":"7a9b2016","settings":{"content_width":"full","flex_direction":"column","flex_justify_content":"flex-start","flex_align_items":"center","flex_gap":{"column":"25","row":"25","isLinked":true,"unit":"px","size":25},"padding":{"unit":"px","top":"0","right":"0","bottom":"0","left":"0","isLinked":true}},"elements":[{"id":"6b91139f","settings":{"content_width":"full","__dynamic__":{"title":"[elementor-tag id=\"\" name=\"post-title\" settings=\"%7B%22before%22%3A%22%22%2C%22after%22%3A%22%22%2C%22fallback%22%3A%22%22%7D\"]","link":"[elementor-tag id=\"23a9040\" name=\"post-url\" settings=\"%7B%7D\"]"},"title":"Add Your Heading Text Here","header_size":"h5","align":"center","title_color":"#000000","typography_typography":"custom","typography_font_family":"Manrope","typography_font_size":{"unit":"px","size":30,"sizes":[]},"typography_font_weight":"900","typography_line_height":{"unit":"em","size":1.2,"sizes":[]},"typography_letter_spacing":{"unit":"px","size":-0.6,"sizes":[]},"_margin":{"unit":"px","top":"-7","right":"0","bottom":"-7","left":"0","isLinked":false},"typography_font_size_tablet":{"unit":"px","size":26,"sizes":[]},"typography_font_size_mobile":{"unit":"px","size":24,"sizes":[]},"typography_letter_spacing_tablet":{"unit":"px","size":-0.6,"sizes":[]},"_margin_tablet":{"unit":"px","top":"-6","right":"0","bottom":"-6","left":"0","isLinked":false},"_margin_mobile":{"unit":"px","top":"-6","right":"0","bottom":"-6","left":"0","isLinked":false}},"elements":[],"isInner":false,"widgetType":"theme-post-title","elType":"widget"},{"id":"25b2fed6","settings":{"content_width":"full","flex_direction":"row","flex_justify_content":"center","flex_align_items":"center","flex_gap":{"column":"10","row":"10","isLinked":true,"unit":"px","size":10},"padding":{"unit":"px","top":"0","right":"0","bottom":"0","left":"0","isLinked":true}},"elements":[{"id":"74e50247","settings":{"content_width":"full","icon_list":[{"_id":"ba942ce","custom_date_format":"M d \u2014 Y","custom_time_format":"g:i a","show_icon":"none","date_format":"custom","type":"terms","taxonomy":"jetpack-portfolio-type"}],"space_between":{"unit":"px","size":28,"sizes":[]},"icon_align":"left","icon_color":"#000000","icon_size":{"unit":"px","size":22,"sizes":[]},"text_indent":{"unit":"px","size":0,"sizes":[]},"text_color":"#9F9F9F","icon_typography_typography":"custom","icon_typography_font_family":"Manrope","icon_typography_font_size":{"unit":"px","size":14,"sizes":[]},"icon_typography_font_weight":"500","icon_typography_line_height":{"unit":"em","size":1,"sizes":[]},"_margin":{"unit":"px","top":"0","right":"0","bottom":"0","left":"0","isLinked":false},"divider":"yes","divider_height":{"unit":"px","size":"","sizes":[]},"divider_color":"#6B6B6B","_padding":{"unit":"px","top":"14","right":"20","bottom":"14","left":"20","isLinked":false},"_background_color":"#EBEBEB","_border_radius":{"unit":"px","top":"100","right":"100","bottom":"100","left":"100","isLinked":true},"_border_border":"solid","_border_width":{"unit":"px","top":"1","right":"1","bottom":"1","left":"1","isLinked":true},"_border_color":"#D8D8D8"},"elements":[],"isInner":false,"widgetType":"post-info","elType":"widget"},{"id":"729fc2d6","settings":{"content_width":"full","icon_list":[{"_id":"ba942ce","custom_date_format":"M d \u2014 Y","custom_time_format":"g:i a","show_icon":"none","date_format":"custom","type":"terms","taxonomy":"jetpack-portfolio-tag"}],"space_between":{"unit":"px","size":28,"sizes":[]},"icon_align":"left","icon_color":"#000000","icon_size":{"unit":"px","size":22,"sizes":[]},"text_indent":{"unit":"px","size":0,"sizes":[]},"text_color":"#9F9F9F","icon_typography_typography":"custom","icon_typography_font_family":"Manrope","icon_typography_font_size":{"unit":"px","size":14,"sizes":[]},"icon_typography_font_weight":"500","icon_typography_line_height":{"unit":"em","size":1,"sizes":[]},"_margin":{"unit":"px","top":"0","right":"0","bottom":"0","left":"0","isLinked":false},"divider":"yes","divider_height":{"unit":"px","size":"","sizes":[]},"divider_color":"#6B6B6B","_padding":{"unit":"px","top":"14","right":"20","bottom":"14","left":"20","isLinked":false},"_background_color":"#EBEBEB","_border_radius":{"unit":"px","top":"100","right":"100","bottom":"100","left":"100","isLinked":true},"_border_border":"solid","_border_width":{"unit":"px","top":"1","right":"1","bottom":"1","left":"1","isLinked":true},"_border_color":"#D8D8D8"},"elements":[],"isInner":false,"widgetType":"post-info","elType":"widget"}],"isInner":true,"elType":"container"}],"isInner":true,"elType":"container"}],"isInner":false,"elType":"container"}],"page_settings":[],"version":"0.4","title":"C2214-LOOP","type":"loop-item"}