{"content":[{"id":"145b02b2","settings":{"flex_direction":"column","content_width":"full","flex_justify_content":"flex-start","flex_align_items":"flex-start","flex_gap":{"column":"0","row":"0","isLinked":true,"unit":"px","size":0},"padding":{"unit":"px","top":"0","right":"0","bottom":"0","left":"0","isLinked":true}},"elements":[{"id":"44040b41","settings":{"graphic_element":"none","title_text_a":"This is the heading","description_text_a":"","background_a_background":"classic","background_a_position":"center center","background_a_repeat":"no-repeat","background_a_size":"cover","title_text_b":"","description_text_b":"","button_text":"","link_click":"box","background_b_background":"classic","background_b_color":"#02010100","flip_effect":"fade","__dynamic__":{"title_text_a":"[elementor-tag id=\"cdc6b99\" name=\"post-title\" settings=\"%7B%7D\"]","link":"[elementor-tag id=\"76369b9\" name=\"post-url\" settings=\"%7B%7D\"]","background_a_image":"[elementor-tag id=\"3ea135c\" name=\"post-featured-image\" settings=\"%7B%7D\"]","background_b_image":"[elementor-tag id=\"26bedd7\" name=\"post-featured-image\" settings=\"%7B%7D\"]","description_text_a":"[elementor-tag id=\"e973cbf\" name=\"post-terms\" settings=\"%7B%22separator%22%3A%22%2C%20%22%2C%22link%22%3A%22%22%2C%22taxonomy%22%3A%22jetpack-portfolio-type%22%7D\"]"},"background_b_position":"center center","background_b_repeat":"no-repeat","background_b_size":"cover","height":{"unit":"px","size":410,"sizes":[]},"border_radius":{"unit":"px","size":0,"sizes":[]},"padding_a":{"unit":"px","top":"0","right":"0","bottom":"50","left":"50","isLinked":false},"alignment_a":"left","vertical_position_a":"bottom","title_spacing_a":{"unit":"px","size":15,"sizes":[]},"title_color_a":"#FFFFFF","title_typography_a_typography":"custom","title_typography_a_font_family":"Manrope","title_typography_a_font_size":{"unit":"px","size":22,"sizes":[]},"title_typography_a_font_weight":"900","title_typography_a_line_height":{"unit":"em","size":1,"sizes":[]},"title_typography_a_letter_spacing":{"unit":"px","size":-0.4,"sizes":[]},"description_color_a":"#FFFFFF","description_typography_a_typography":"custom","description_typography_a_font_family":"Manrope","description_typography_a_font_size":{"unit":"px","size":14,"sizes":[]},"description_typography_a_font_weight":"500","description_typography_a_text_transform":"uppercase","description_typography_a_line_height":{"unit":"em","size":1,"sizes":[]},"height_tablet":{"unit":"px","size":310,"sizes":[]},"height_mobile":{"unit":"px","size":300,"sizes":[]},"padding_a_tablet":{"unit":"px","top":"0","right":"0","bottom":"50","left":"30","isLinked":false},"background_a_color":"#02010100","background_a_color_stop_tablet":{"unit":"%","size":"","sizes":[]},"background_a_color_stop_mobile":{"unit":"%","size":"","sizes":[]},"background_a_color_b_stop_tablet":{"unit":"%","size":"","sizes":[]},"background_a_color_b_stop_mobile":{"unit":"%","size":"","sizes":[]},"background_a_gradient_angle_tablet":{"unit":"deg","size":"","sizes":[]},"background_a_gradient_angle_mobile":{"unit":"deg","size":"","sizes":[]},"background_b_color_stop_tablet":{"unit":"%","size":"","sizes":[]},"background_b_color_stop_mobile":{"unit":"%","size":"","sizes":[]},"background_b_color_b_stop_tablet":{"unit":"%","size":"","sizes":[]},"background_b_color_b_stop_mobile":{"unit":"%","size":"","sizes":[]},"background_b_gradient_angle_tablet":{"unit":"deg","size":"","sizes":[]},"background_b_gradient_angle_mobile":{"unit":"deg","size":"","sizes":[]},"button_background_color_stop_tablet":{"unit":"%","size":"","sizes":[]},"button_background_color_stop_mobile":{"unit":"%","size":"","sizes":[]},"button_background_color_b_stop_tablet":{"unit":"%","size":"","sizes":[]},"button_background_color_b_stop_mobile":{"unit":"%","size":"","sizes":[]},"button_background_gradient_angle_tablet":{"unit":"deg","size":"","sizes":[]},"button_background_gradient_angle_mobile":{"unit":"deg","size":"","sizes":[]},"button_hover_background_color_stop_tablet":{"unit":"%","size":"","sizes":[]},"button_hover_background_color_stop_mobile":{"unit":"%","size":"","sizes":[]},"button_hover_background_color_b_stop_tablet":{"unit":"%","size":"","sizes":[]},"button_hover_background_color_b_stop_mobile":{"unit":"%","size":"","sizes":[]},"button_hover_background_gradient_angle_tablet":{"unit":"deg","size":"","sizes":[]},"button_hover_background_gradient_angle_mobile":{"unit":"deg","size":"","sizes":[]},"_background_color_stop_tablet":{"unit":"%","size":"","sizes":[]},"_background_color_stop_mobile":{"unit":"%","size":"","sizes":[]},"_background_color_b_stop_tablet":{"unit":"%","size":"","sizes":[]},"_background_color_b_stop_mobile":{"unit":"%","size":"","sizes":[]},"_background_gradient_angle_tablet":{"unit":"deg","size":"","sizes":[]},"_background_gradient_angle_mobile":{"unit":"deg","size":"","sizes":[]},"_background_hover_color_stop_tablet":{"unit":"%","size":"","sizes":[]},"_background_hover_color_stop_mobile":{"unit":"%","size":"","sizes":[]},"_background_hover_color_b_stop_tablet":{"unit":"%","size":"","sizes":[]},"_background_hover_color_b_stop_mobile":{"unit":"%","size":"","sizes":[]},"_background_hover_gradient_angle_tablet":{"unit":"deg","size":"","sizes":[]},"_background_hover_gradient_angle_mobile":{"unit":"deg","size":"","sizes":[]}},"elements":[],"isInner":false,"widgetType":"flip-box","elType":"widget"}],"isInner":false,"elType":"container"}],"page_settings":[],"version":"0.4","title":"C2264-LOOP","type":"loop-item"}