{"content":[{"id":"43ae7566","settings":{"flex_direction":"column","boxed_width":{"unit":"px","size":1290,"sizes":[]},"flex_gap":{"column":"0","row":"0","isLinked":true,"unit":"px","size":0},"background_background":"classic","background_color":"#F5F5F5","padding":{"unit":"px","top":"120","right":"40","bottom":"120","left":"40","isLinked":false},"padding_tablet":{"unit":"px","top":"80","right":"40","bottom":"80","left":"40","isLinked":false},"padding_mobile":{"unit":"px","top":"60","right":"20","bottom":"60","left":"20","isLinked":false},"_title":"c2252"},"elements":[{"id":"769949b8","settings":{"boxed_width":{"unit":"px","size":1290,"sizes":[]},"flex_direction":"column","flex_gap":{"column":"0","row":"0","isLinked":true,"unit":"px","size":0},"background_color":"#ECC5C5","padding":{"unit":"px","top":"0","right":"0","bottom":"0","left":"0","isLinked":true},"flex_justify_content":"flex-start","animation":"fadeIn","animation_duration":"fast","animation_delay":500},"elements":[{"id":"204caaa5","settings":{"content_width":"full","post_query_include":["terms"],"post_query_include_term_ids":["38"],"image_spacing_custom":{"unit":"px","size":50,"sizes":[]},"dots_size":{"unit":"px","size":6,"sizes":[]},"dots_normal_color":"#000000","dots_pagination_spacing":{"unit":"px","size":50,"sizes":[]},"post_query_post_type":"jetpack-portfolio","product_query_include":["terms"],"product_query_include_term_ids":["15"],"template_id":29108,"slides_to_show":"4","arrows":"","image_spacing_custom_tablet":{"unit":"px","size":30,"sizes":[]}},"elements":[],"isInner":false,"widgetType":"loop-carousel","elType":"widget"}],"isInner":true,"elType":"container"}],"isInner":false,"elType":"container"}],"page_settings":[],"version":"0.4","title":"c2252","type":"container"}