{"content":[{"id":"3ce116f","settings":{"flex_direction":"column","flex_justify_content":"flex-start","flex_align_items":"flex-start","flex_gap":{"column":"0","row":"0","isLinked":true,"unit":"px","size":0},"background_color":"#FFFFFF","border_radius":{"unit":"px","top":"0","right":"0","bottom":"0","left":"0","isLinked":true},"padding":{"unit":"px","top":"50","right":"50","bottom":"50","left":"50","isLinked":true},"padding_tablet":{"unit":"px","top":"50","right":"30","bottom":"50","left":"30","isLinked":false},"border_border":"solid","border_width":{"unit":"px","top":"1","right":"1","bottom":"1","left":"1","isLinked":true},"border_color":"#D8D8D8"},"elements":[{"id":"41edee11","settings":{"content_width":"full","flex_direction":"row","flex_justify_content":"flex-start","flex_align_items":"center","flex_gap":{"column":"20","row":"20","isLinked":true,"unit":"px","size":20},"padding":{"unit":"px","top":"0","right":"0","bottom":"30","left":"0","isLinked":false},"flex_direction_tablet":"column","flex_align_items_tablet":"flex-start","flex_gap_tablet":{"column":"25","row":"25","isLinked":true,"unit":"px","size":25}},"elements":[{"id":"7b4a7a42","settings":{"content_width":"full","icon_list":[{"_id":"ba942ce","custom_date_format":"M d \u2014 Y","custom_time_format":"g:i a","show_icon":"none","date_format":"custom","custom_text":"M d \u2014 Y","type":"terms","taxonomy":"category"}],"space_between":{"unit":"px","size":28,"sizes":[]},"icon_align":"left","icon_color":"#000000","icon_size":{"unit":"px","size":22,"sizes":[]},"text_indent":{"unit":"px","size":0,"sizes":[]},"text_color":"#000000","icon_typography_typography":"custom","icon_typography_font_family":"Manrope","icon_typography_font_size":{"unit":"px","size":14,"sizes":[]},"icon_typography_font_weight":"700","icon_typography_line_height":{"unit":"em","size":1,"sizes":[]},"_margin":{"unit":"px","top":"0","right":"0","bottom":"0","left":"0","isLinked":false},"divider":"yes","divider_height":{"unit":"px","size":"","sizes":[]},"divider_color":"#6B6B6B","_padding":{"unit":"px","top":"14","right":"20","bottom":"14","left":"20","isLinked":false},"_background_background":"classic","_background_color":"#FFFFFF","_border_radius":{"unit":"px","top":"100","right":"100","bottom":"100","left":"100","isLinked":true},"_background_color_stop_tablet":{"unit":"%","size":"","sizes":[]},"_background_color_stop_mobile":{"unit":"%","size":"","sizes":[]},"_background_color_b_stop_tablet":{"unit":"%","size":"","sizes":[]},"_background_color_b_stop_mobile":{"unit":"%","size":"","sizes":[]},"_background_gradient_angle_tablet":{"unit":"deg","size":"","sizes":[]},"_background_gradient_angle_mobile":{"unit":"deg","size":"","sizes":[]},"_background_hover_color_stop_tablet":{"unit":"%","size":"","sizes":[]},"_background_hover_color_stop_mobile":{"unit":"%","size":"","sizes":[]},"_background_hover_color_b_stop_tablet":{"unit":"%","size":"","sizes":[]},"_background_hover_color_b_stop_mobile":{"unit":"%","size":"","sizes":[]},"_background_hover_gradient_angle_tablet":{"unit":"deg","size":"","sizes":[]},"_background_hover_gradient_angle_mobile":{"unit":"deg","size":"","sizes":[]}},"elements":[],"isInner":false,"widgetType":"post-info","elType":"widget"},{"id":"65be7678","settings":{"content_width":"full","icon_list":[{"selected_icon":{"value":{"url":"https:\/\/preview.section.express\/wp-content\/uploads\/2024\/07\/blog-icon-list-3.svg","id":22633},"library":"svg"},"_id":"ba942ce","custom_date_format":"M d \u2014 Y","custom_time_format":"g:i a","link":"","show_icon":"none","date_format":"custom"}],"space_between":{"unit":"px","size":20,"sizes":[]},"icon_align":"left","icon_color":"#000000","icon_size":{"unit":"px","size":22,"sizes":[]},"text_indent":{"unit":"px","size":0,"sizes":[]},"text_color":"#9F9F9F","icon_typography_typography":"custom","icon_typography_font_family":"Manrope","icon_typography_font_size":{"unit":"px","size":14,"sizes":[]},"icon_typography_font_weight":"500","icon_typography_line_height":{"unit":"em","size":1,"sizes":[]},"_margin":{"unit":"px","top":"-2","right":"0","bottom":"-2","left":"0","isLinked":false},"_background_color_stop_tablet":{"unit":"%","size":"","sizes":[]},"_background_color_stop_mobile":{"unit":"%","size":"","sizes":[]},"_background_color_b_stop_tablet":{"unit":"%","size":"","sizes":[]},"_background_color_b_stop_mobile":{"unit":"%","size":"","sizes":[]},"_background_gradient_angle_tablet":{"unit":"deg","size":"","sizes":[]},"_background_gradient_angle_mobile":{"unit":"deg","size":"","sizes":[]},"_background_hover_color_stop_tablet":{"unit":"%","size":"","sizes":[]},"_background_hover_color_stop_mobile":{"unit":"%","size":"","sizes":[]},"_background_hover_color_b_stop_tablet":{"unit":"%","size":"","sizes":[]},"_background_hover_color_b_stop_mobile":{"unit":"%","size":"","sizes":[]},"_background_hover_gradient_angle_tablet":{"unit":"deg","size":"","sizes":[]},"_background_hover_gradient_angle_mobile":{"unit":"deg","size":"","sizes":[]}},"elements":[],"isInner":false,"widgetType":"post-info","elType":"widget"}],"isInner":true,"elType":"container"},{"id":"543a5413","settings":{"content_width":"full","__dynamic__":{"title":"[elementor-tag id=\"\" name=\"post-title\" settings=\"%7B%22before%22%3A%22%22%2C%22after%22%3A%22%22%2C%22fallback%22%3A%22%22%7D\"]","link":"[elementor-tag id=\"f928bc9\" name=\"post-url\" settings=\"%7B%7D\"]"},"title":"Add Your Heading Text Here","header_size":"h5","align":"left","title_color":"#000000","typography_typography":"custom","typography_font_family":"Manrope","typography_font_size":{"unit":"px","size":22,"sizes":[]},"typography_font_weight":"900","typography_line_height":{"unit":"em","size":1.3,"sizes":[]},"typography_letter_spacing":{"unit":"px","size":-0.4,"sizes":[]},"_margin":{"unit":"px","top":"-5","right":"0","bottom":"-6","left":"0","isLinked":false},"_background_color_stop_tablet":{"unit":"%","size":"","sizes":[]},"_background_color_stop_mobile":{"unit":"%","size":"","sizes":[]},"_background_color_b_stop_tablet":{"unit":"%","size":"","sizes":[]},"_background_color_b_stop_mobile":{"unit":"%","size":"","sizes":[]},"_background_gradient_angle_tablet":{"unit":"deg","size":"","sizes":[]},"_background_gradient_angle_mobile":{"unit":"deg","size":"","sizes":[]},"_background_hover_color_stop_tablet":{"unit":"%","size":"","sizes":[]},"_background_hover_color_stop_mobile":{"unit":"%","size":"","sizes":[]},"_background_hover_color_b_stop_tablet":{"unit":"%","size":"","sizes":[]},"_background_hover_color_b_stop_mobile":{"unit":"%","size":"","sizes":[]},"_background_hover_gradient_angle_tablet":{"unit":"deg","size":"","sizes":[]},"_background_hover_gradient_angle_mobile":{"unit":"deg","size":"","sizes":[]}},"elements":[],"isInner":false,"widgetType":"theme-post-title","elType":"widget"},{"id":"4e5ae007","settings":{"content_width":"full","flex_direction":"row","flex_justify_content":"space-between","flex_align_items":"center","flex_gap":{"column":"25","row":"25","isLinked":true,"unit":"px","size":25},"padding":{"unit":"px","top":"120","right":"0","bottom":"0","left":"0","isLinked":false},"padding_tablet":{"unit":"px","top":"60","right":"0","bottom":"0","left":"0","isLinked":false}},"elements":[{"id":"1359d8f3","settings":{"content_width":"full","icon_list":[{"type":"author","selected_icon":{"value":{"url":"https:\/\/preview.section.express\/wp-content\/uploads\/2024\/07\/blog-icon-list-1.svg","id":22635},"library":"svg"},"_id":"ba942ce","custom_date_format":"F j, Y","custom_time_format":"g:i a","text_prefix":"By","show_icon":"none","show_avatar":"yes","avatar_size":{"unit":"px","size":40,"sizes":[]}}],"space_between":{"unit":"px","size":20,"sizes":[]},"icon_align":"left","icon_color":"#000000","icon_size":{"unit":"px","size":22,"sizes":[]},"text_indent":{"unit":"px","size":15,"sizes":[]},"text_color":"#9F9F9F","icon_typography_typography":"custom","icon_typography_font_family":"Manrope","icon_typography_font_size":{"unit":"px","size":14,"sizes":[]},"icon_typography_font_weight":"500","icon_typography_line_height":{"unit":"em","size":1,"sizes":[]},"_margin":{"unit":"px","top":"0","right":"0","bottom":"0","left":"0","isLinked":false},"_padding":{"unit":"px","top":"0","right":"0","bottom":"0","left":"0","isLinked":false},"_background_color_stop_tablet":{"unit":"%","size":"","sizes":[]},"_background_color_stop_mobile":{"unit":"%","size":"","sizes":[]},"_background_color_b_stop_tablet":{"unit":"%","size":"","sizes":[]},"_background_color_b_stop_mobile":{"unit":"%","size":"","sizes":[]},"_background_gradient_angle_tablet":{"unit":"deg","size":"","sizes":[]},"_background_gradient_angle_mobile":{"unit":"deg","size":"","sizes":[]},"_background_hover_color_stop_tablet":{"unit":"%","size":"","sizes":[]},"_background_hover_color_stop_mobile":{"unit":"%","size":"","sizes":[]},"_background_hover_color_b_stop_tablet":{"unit":"%","size":"","sizes":[]},"_background_hover_color_b_stop_mobile":{"unit":"%","size":"","sizes":[]},"_background_hover_gradient_angle_tablet":{"unit":"deg","size":"","sizes":[]},"_background_hover_gradient_angle_mobile":{"unit":"deg","size":"","sizes":[]},"_padding_tablet":{"unit":"px","top":"0","right":"0","bottom":"0","left":"0","isLinked":false}},"elements":[],"isInner":false,"widgetType":"post-info","elType":"widget"},{"id":"76319b6b","settings":{"selected_icon":{"value":"fas fa-arrow-right","library":"fa-solid"},"link":{"url":"#","is_external":"","nofollow":"","custom_attributes":""},"align":"left","primary_color":"#000000","size":{"unit":"px","size":20,"sizes":[]},"_margin":{"unit":"px","top":"0","right":"0","bottom":"-7","left":"0","isLinked":false},"_element_width":"auto","content_width":"full","__dynamic__":{"link":"[elementor-tag id=\"eea8126\" name=\"post-url\" settings=\"%7B%7D\"]"},"rotate":{"unit":"deg","size":316,"sizes":[]}},"elements":[],"isInner":false,"widgetType":"icon","elType":"widget"}],"isInner":true,"elType":"container"}],"isInner":false,"elType":"container"}],"page_settings":[],"version":"0.4","title":"C1968-LOOP","type":"loop-item"}