{"content":[{"id":"1211ec43","settings":{"flex_direction":"column","content_width":"full","flex_justify_content":"flex-start","flex_gap":{"column":"0","row":"0","isLinked":true,"unit":"px","size":0},"background_background":"classic","background_color":"#FFFFFF","border_radius":{"unit":"px","top":"10","right":"10","bottom":"10","left":"10","isLinked":true},"box_shadow_box_shadow_type":"yes","box_shadow_box_shadow":{"horizontal":0,"vertical":1,"blur":20,"spread":0,"color":"rgba(0, 0, 0, 0.04)"},"padding":{"unit":"px","top":"0","right":"0","bottom":"0","left":"0","isLinked":true}},"elements":[{"id":"1a9cad02","settings":{"content_width":"full","flex_direction":"column","flex_justify_content":"flex-start","flex_gap":{"column":"0","row":"0","isLinked":true,"unit":"px","size":0},"padding":{"unit":"px","top":"0","right":"0","bottom":"0","left":"0","isLinked":true}},"elements":[{"id":"246bba24","settings":{"content_width":"full","__dynamic__":{"image":"[elementor-tag id=\"\" name=\"post-featured-image\" settings=\"%7B%22fallback%22%3A%7B%22url%22%3A%22%22%2C%22id%22%3A%22%22%2C%22size%22%3A%22%22%7D%7D\"]"},"image_size":"custom","image_custom_dimension":{"width":"800","height":"500"},"image_border_radius":{"unit":"px","top":"10","right":"10","bottom":"0","left":"0","isLinked":false},"_background_color_stop_tablet":{"unit":"%","size":"","sizes":[]},"_background_color_stop_mobile":{"unit":"%","size":"","sizes":[]},"_background_color_b_stop_tablet":{"unit":"%","size":"","sizes":[]},"_background_color_b_stop_mobile":{"unit":"%","size":"","sizes":[]},"_background_gradient_angle_tablet":{"unit":"deg","size":"","sizes":[]},"_background_gradient_angle_mobile":{"unit":"deg","size":"","sizes":[]},"_background_hover_color_stop_tablet":{"unit":"%","size":"","sizes":[]},"_background_hover_color_stop_mobile":{"unit":"%","size":"","sizes":[]},"_background_hover_color_b_stop_tablet":{"unit":"%","size":"","sizes":[]},"_background_hover_color_b_stop_mobile":{"unit":"%","size":"","sizes":[]},"_background_hover_gradient_angle_tablet":{"unit":"deg","size":"","sizes":[]},"_background_hover_gradient_angle_mobile":{"unit":"deg","size":"","sizes":[]}},"elements":[],"isInner":false,"widgetType":"theme-post-featured-image","elType":"widget"},{"id":"1271663","settings":{"content_width":"full","flex_direction":"column","flex_justify_content":"flex-start","flex_gap":{"column":"0","row":"0","isLinked":true,"unit":"px","size":0},"padding":{"unit":"px","top":"30","right":"0","bottom":"0","left":"30","isLinked":false},"position":"absolute","z_index":2},"elements":[{"id":"60946d7","settings":{"content_width":"full","icon_list":[{"selected_icon":{"value":{"url":"https:\/\/preview.section.express\/wp-content\/uploads\/2024\/07\/blog-icon-list-3.svg","id":22633},"library":"svg"},"_id":"ba942ce","custom_date_format":"d","custom_time_format":"g:i a","link":"","show_icon":"none","date_format":"custom"}],"space_between":{"unit":"px","size":20,"sizes":[]},"icon_align":"center","icon_color":"#000000","icon_size":{"unit":"px","size":22,"sizes":[]},"text_indent":{"unit":"px","size":0,"sizes":[]},"text_color":"#000000","icon_typography_typography":"custom","icon_typography_font_family":"Manrope","icon_typography_font_size":{"unit":"px","size":30,"sizes":[]},"icon_typography_font_weight":"900","icon_typography_line_height":{"unit":"em","size":1,"sizes":[]},"_margin":{"unit":"px","top":"0","right":"0","bottom":"0","left":"0","isLinked":false},"icon_typography_letter_spacing":{"unit":"px","size":-0.6,"sizes":[]},"_padding":{"unit":"px","top":"15","right":"0","bottom":"0","left":"0","isLinked":false},"_element_width":"initial","_element_custom_width":{"unit":"px","size":70,"sizes":[]},"_background_background":"classic","_background_color":"#FFFFFF","_background_color_stop_tablet":{"unit":"%","size":"","sizes":[]},"_background_color_stop_mobile":{"unit":"%","size":"","sizes":[]},"_background_color_b_stop_tablet":{"unit":"%","size":"","sizes":[]},"_background_color_b_stop_mobile":{"unit":"%","size":"","sizes":[]},"_background_gradient_angle_tablet":{"unit":"deg","size":"","sizes":[]},"_background_gradient_angle_mobile":{"unit":"deg","size":"","sizes":[]},"_background_hover_color_stop_tablet":{"unit":"%","size":"","sizes":[]},"_background_hover_color_stop_mobile":{"unit":"%","size":"","sizes":[]},"_background_hover_color_b_stop_tablet":{"unit":"%","size":"","sizes":[]},"_background_hover_color_b_stop_mobile":{"unit":"%","size":"","sizes":[]},"_background_hover_gradient_angle_tablet":{"unit":"deg","size":"","sizes":[]},"_background_hover_gradient_angle_mobile":{"unit":"deg","size":"","sizes":[]},"_border_radius":{"unit":"px","top":"10","right":"10","bottom":"0","left":"0","isLinked":false}},"elements":[],"isInner":false,"widgetType":"post-info","elType":"widget"},{"id":"3dd39ded","settings":{"content_width":"full","icon_list":[{"selected_icon":{"value":{"url":"https:\/\/preview.section.express\/wp-content\/uploads\/2024\/07\/blog-icon-list-3.svg","id":22633},"library":"svg"},"_id":"ba942ce","custom_date_format":"M","custom_time_format":"g:i a","link":"","show_icon":"none","date_format":"custom"}],"space_between":{"unit":"px","size":20,"sizes":[]},"icon_align":"center","icon_color":"#000000","icon_size":{"unit":"px","size":22,"sizes":[]},"text_indent":{"unit":"px","size":0,"sizes":[]},"text_color":"#000000","icon_typography_typography":"custom","icon_typography_font_family":"Manrope","icon_typography_font_size":{"unit":"px","size":14,"sizes":[]},"icon_typography_font_weight":"500","icon_typography_line_height":{"unit":"em","size":1,"sizes":[]},"_margin":{"unit":"px","top":"0","right":"0","bottom":"0","left":"0","isLinked":false},"_padding":{"unit":"px","top":"7","right":"0","bottom":"17","left":"0","isLinked":false},"_element_width":"initial","_element_custom_width":{"unit":"px","size":70,"sizes":[]},"_background_background":"classic","_background_color":"#FFFFFF","_background_color_stop_tablet":{"unit":"%","size":"","sizes":[]},"_background_color_stop_mobile":{"unit":"%","size":"","sizes":[]},"_background_color_b_stop_tablet":{"unit":"%","size":"","sizes":[]},"_background_color_b_stop_mobile":{"unit":"%","size":"","sizes":[]},"_background_gradient_angle_tablet":{"unit":"deg","size":"","sizes":[]},"_background_gradient_angle_mobile":{"unit":"deg","size":"","sizes":[]},"_background_hover_color_stop_tablet":{"unit":"%","size":"","sizes":[]},"_background_hover_color_stop_mobile":{"unit":"%","size":"","sizes":[]},"_background_hover_color_b_stop_tablet":{"unit":"%","size":"","sizes":[]},"_background_hover_color_b_stop_mobile":{"unit":"%","size":"","sizes":[]},"_background_hover_gradient_angle_tablet":{"unit":"deg","size":"","sizes":[]},"_background_hover_gradient_angle_mobile":{"unit":"deg","size":"","sizes":[]},"_border_radius":{"unit":"px","top":"0","right":"0","bottom":"10","left":"10","isLinked":false}},"elements":[],"isInner":false,"widgetType":"post-info","elType":"widget"}],"isInner":true,"elType":"container"}],"isInner":true,"elType":"container"},{"id":"46b68a2f","settings":{"content_width":"full","flex_direction":"column","flex_justify_content":"flex-start","flex_align_items":"flex-start","flex_gap":{"column":"30","row":"30","isLinked":true,"unit":"px","size":30},"padding":{"unit":"px","top":"50","right":"50","bottom":"50","left":"50","isLinked":true},"padding_tablet":{"unit":"px","top":"50","right":"30","bottom":"50","left":"30","isLinked":false}},"elements":[{"id":"604f454b","settings":{"content_width":"full","__dynamic__":{"title":"[elementor-tag id=\"\" name=\"post-title\" settings=\"%7B%22before%22%3A%22%22%2C%22after%22%3A%22%22%2C%22fallback%22%3A%22%22%7D\"]","link":"[elementor-tag id=\"f928bc9\" name=\"post-url\" settings=\"%7B%7D\"]"},"title":"Add Your Heading Text Here","header_size":"h5","align":"left","title_color":"#000000","typography_typography":"custom","typography_font_family":"Manrope","typography_font_size":{"unit":"px","size":22,"sizes":[]},"typography_font_weight":"900","typography_line_height":{"unit":"em","size":1.3,"sizes":[]},"typography_letter_spacing":{"unit":"px","size":-0.4,"sizes":[]},"_margin":{"unit":"px","top":"-5","right":"0","bottom":"-6","left":"0","isLinked":false},"_background_color_stop_tablet":{"unit":"%","size":"","sizes":[]},"_background_color_stop_mobile":{"unit":"%","size":"","sizes":[]},"_background_color_b_stop_tablet":{"unit":"%","size":"","sizes":[]},"_background_color_b_stop_mobile":{"unit":"%","size":"","sizes":[]},"_background_gradient_angle_tablet":{"unit":"deg","size":"","sizes":[]},"_background_gradient_angle_mobile":{"unit":"deg","size":"","sizes":[]},"_background_hover_color_stop_tablet":{"unit":"%","size":"","sizes":[]},"_background_hover_color_stop_mobile":{"unit":"%","size":"","sizes":[]},"_background_hover_color_b_stop_tablet":{"unit":"%","size":"","sizes":[]},"_background_hover_color_b_stop_mobile":{"unit":"%","size":"","sizes":[]},"_background_hover_gradient_angle_tablet":{"unit":"deg","size":"","sizes":[]},"_background_hover_gradient_angle_mobile":{"unit":"deg","size":"","sizes":[]}},"elements":[],"isInner":false,"widgetType":"theme-post-title","elType":"widget"},{"id":"62f6b1e6","settings":{"content_width":"full","flex_direction":"row","flex_justify_content":"flex-start","flex_gap":{"column":"0","row":"0","isLinked":true,"unit":"px","size":0},"border_border":"solid","border_width":{"unit":"px","top":"1","right":"0","bottom":"1","left":"0","isLinked":false},"border_color":"#D8D8D8","padding":{"unit":"px","top":"15","right":"0","bottom":"15","left":"0","isLinked":false}},"elements":[{"id":"31a20b93","settings":{"content_width":"full","icon_list":[{"selected_icon":{"value":{"url":"https:\/\/preview.section.express\/wp-content\/uploads\/2024\/07\/blog-icon-list-6.svg","id":22631},"library":"svg"},"_id":"ba942ce","custom_date_format":"M d \u2014 Y","custom_time_format":"g:i a","show_icon":"custom","date_format":"custom","type":"terms","taxonomy":"category"},{"selected_icon":{"value":{"url":"https:\/\/preview.section.express\/wp-content\/uploads\/2024\/07\/blog-icon-list-1.svg","id":22635},"library":"svg"},"custom_date_format":"F j, Y","custom_time_format":"g:i a","show_icon":"custom","type":"author","_id":"22ca965"},{"selected_icon":{"value":{"url":"https:\/\/preview.section.express\/wp-content\/uploads\/2024\/07\/blog-icon-list-2.svg","id":22634},"library":"svg"},"custom_date_format":"F j, Y","custom_time_format":"g:i a","show_icon":"custom","type":"comments","comments_custom_strings":"yes","string_no_comments":"0 ","_id":"6c7aaeb"}],"space_between":{"unit":"px","size":20,"sizes":[]},"icon_align":"left","icon_color":"#9F9F9F","icon_size":{"unit":"px","size":22,"sizes":[]},"text_indent":{"unit":"px","size":7,"sizes":[]},"text_color":"#9F9F9F","icon_typography_typography":"custom","icon_typography_font_family":"Manrope","icon_typography_font_size":{"unit":"px","size":14,"sizes":[]},"icon_typography_font_weight":"500","icon_typography_line_height":{"unit":"em","size":1,"sizes":[]},"_margin":{"unit":"px","top":"-2","right":"0","bottom":"-2","left":"0","isLinked":false},"divider_height":{"unit":"px","size":"","sizes":[]},"divider_color":"#D8D8D8","_background_color_stop_tablet":{"unit":"%","size":"","sizes":[]},"_background_color_stop_mobile":{"unit":"%","size":"","sizes":[]},"_background_color_b_stop_tablet":{"unit":"%","size":"","sizes":[]},"_background_color_b_stop_mobile":{"unit":"%","size":"","sizes":[]},"_background_gradient_angle_tablet":{"unit":"deg","size":"","sizes":[]},"_background_gradient_angle_mobile":{"unit":"deg","size":"","sizes":[]},"_background_hover_color_stop_tablet":{"unit":"%","size":"","sizes":[]},"_background_hover_color_stop_mobile":{"unit":"%","size":"","sizes":[]},"_background_hover_color_b_stop_tablet":{"unit":"%","size":"","sizes":[]},"_background_hover_color_b_stop_mobile":{"unit":"%","size":"","sizes":[]},"_background_hover_gradient_angle_tablet":{"unit":"deg","size":"","sizes":[]},"_background_hover_gradient_angle_mobile":{"unit":"deg","size":"","sizes":[]}},"elements":[],"isInner":false,"widgetType":"post-info","elType":"widget"}],"isInner":true,"elType":"container"},{"id":"2534e0bc","settings":{"content_width":"full","__dynamic__":{"excerpt":"[elementor-tag id=\"\" name=\"post-excerpt\" settings=\"%7B%22max_length%22%3A19%2C%22apply_to_post_content%22%3A%22yes%22%2C%22after%22%3A%22.%22%7D\"]"},"align":"left","title_color":"#9F9F9F","typography_typography":"custom","typography_font_family":"Manrope","typography_font_size":{"unit":"px","size":15,"sizes":[]},"typography_font_weight":"500","typography_line_height":{"unit":"em","size":1.6,"sizes":[]},"_margin":{"unit":"px","top":"-5","right":"0","bottom":"-21","left":"0","isLinked":false},"_background_color_stop_tablet":{"unit":"%","size":"","sizes":[]},"_background_color_stop_mobile":{"unit":"%","size":"","sizes":[]},"_background_color_b_stop_tablet":{"unit":"%","size":"","sizes":[]},"_background_color_b_stop_mobile":{"unit":"%","size":"","sizes":[]},"_background_gradient_angle_tablet":{"unit":"deg","size":"","sizes":[]},"_background_gradient_angle_mobile":{"unit":"deg","size":"","sizes":[]},"_background_hover_color_stop_tablet":{"unit":"%","size":"","sizes":[]},"_background_hover_color_stop_mobile":{"unit":"%","size":"","sizes":[]},"_background_hover_color_b_stop_tablet":{"unit":"%","size":"","sizes":[]},"_background_hover_color_b_stop_mobile":{"unit":"%","size":"","sizes":[]},"_background_hover_gradient_angle_tablet":{"unit":"deg","size":"","sizes":[]},"_background_hover_gradient_angle_mobile":{"unit":"deg","size":"","sizes":[]}},"elements":[],"isInner":false,"widgetType":"theme-post-excerpt","elType":"widget"}],"isInner":true,"elType":"container"}],"isInner":false,"elType":"container"}],"page_settings":[],"version":"0.4","title":"C2101-LOOP","type":"loop-item"}