{"content":[{"id":"128ceb6b","settings":{"flex_direction":"column","content_width":"full","flex_justify_content":"flex-start","flex_align_items":"center","flex_gap":{"column":"0","row":"0","isLinked":true,"unit":"px","size":0},"padding":{"unit":"px","top":"0","right":"0","bottom":"0","left":"0","isLinked":true}},"elements":[{"id":"51d96a23","settings":{"selected_icon":{"value":"","library":""},"title_text_a":"","description_text_a":"","background_a_background":"classic","background_a_position":"center center","background_a_repeat":"no-repeat","background_a_size":"cover","title_text_b":"This is the heading","description_text_b":"Lorem ipsum dolor sit amet consectetur adipiscing elit dolor","button_text":"","link_click":"box","background_b_background":"gradient","background_b_color":"#FF000000","background_b_color_stop":{"unit":"%","size":63,"sizes":[]},"background_b_color_b":"#FFFFFF","background_b_color_b_stop":{"unit":"%","size":63,"sizes":[]},"height":{"unit":"px","size":406,"sizes":[]},"flip_effect":"slide","__dynamic__":{"background_a_image":"[elementor-tag id=\"8c634ab\" name=\"post-featured-image\" settings=\"%7B%7D\"]","link":"[elementor-tag id=\"78b8e3e\" name=\"post-url\" settings=\"%7B%7D\"]","title_text_b":"[elementor-tag id=\"016b11e\" name=\"woocommerce-product-title-tag\" settings=\"%7B%7D\"]","description_text_b":"[elementor-tag id=\"e8d7cd2\" name=\"woocommerce-product-price-tag\" settings=\"%7B%7D\"]"},"padding_b":{"unit":"px","top":"0","right":"0","bottom":"50","left":"0","isLinked":false},"vertical_position_b":"bottom","title_spacing_b":{"unit":"px","size":18,"sizes":[]},"title_color_b":"#000000","title_typography_b_typography":"custom","title_typography_b_font_family":"Manrope","title_typography_b_font_size":{"unit":"px","size":18,"sizes":[]},"title_typography_b_font_weight":"900","title_typography_b_line_height":{"unit":"em","size":1,"sizes":[]},"description_color_b":"#9F9F9F","description_typography_b_typography":"custom","description_typography_b_font_family":"Manrope","description_typography_b_font_size":{"unit":"px","size":17,"sizes":[]},"description_typography_b_font_weight":"500","description_typography_b_line_height":{"unit":"em","size":1,"sizes":[]},"background_b_color_stop_tablet":{"unit":"%","size":55,"sizes":[]},"background_b_color_b_stop_tablet":{"unit":"%","size":55,"sizes":[]},"height_tablet":{"unit":"px","size":320,"sizes":[]},"height_mobile":{"unit":"px","size":303,"sizes":[]},"background_a_color_stop_tablet":{"unit":"%","size":"","sizes":[]},"background_a_color_stop_mobile":{"unit":"%","size":"","sizes":[]},"background_a_color_b_stop_tablet":{"unit":"%","size":"","sizes":[]},"background_a_color_b_stop_mobile":{"unit":"%","size":"","sizes":[]},"background_a_gradient_angle_tablet":{"unit":"deg","size":"","sizes":[]},"background_a_gradient_angle_mobile":{"unit":"deg","size":"","sizes":[]},"background_b_color_stop_mobile":{"unit":"%","size":"","sizes":[]},"background_b_color_b_stop_mobile":{"unit":"%","size":"","sizes":[]},"background_b_gradient_angle_tablet":{"unit":"deg","size":180,"sizes":[]},"background_b_gradient_angle_mobile":{"unit":"deg","size":"","sizes":[]},"button_background_color_stop_tablet":{"unit":"%","size":"","sizes":[]},"button_background_color_stop_mobile":{"unit":"%","size":"","sizes":[]},"button_background_color_b_stop_tablet":{"unit":"%","size":"","sizes":[]},"button_background_color_b_stop_mobile":{"unit":"%","size":"","sizes":[]},"button_background_gradient_angle_tablet":{"unit":"deg","size":"","sizes":[]},"button_background_gradient_angle_mobile":{"unit":"deg","size":"","sizes":[]},"button_hover_background_color_stop_tablet":{"unit":"%","size":"","sizes":[]},"button_hover_background_color_stop_mobile":{"unit":"%","size":"","sizes":[]},"button_hover_background_color_b_stop_tablet":{"unit":"%","size":"","sizes":[]},"button_hover_background_color_b_stop_mobile":{"unit":"%","size":"","sizes":[]},"button_hover_background_gradient_angle_tablet":{"unit":"deg","size":"","sizes":[]},"button_hover_background_gradient_angle_mobile":{"unit":"deg","size":"","sizes":[]}},"elements":[],"isInner":false,"widgetType":"flip-box","elType":"widget"}],"isInner":false,"elType":"container"}],"page_settings":[],"version":"0.4","title":"C2192-LOOP","type":"loop-item"}